id,created,modified,title,description,status,activate_time,deactivate_time,star_rating,country,city,address
,,,Hotel Russo Palace,Just reach production field because serve.,,,,,US,Mableton,Riviera San Nicol 11/a
,,,Americas Best Value Inn,Notice long office this.,,,,,US,Percival,2113 Sapp Brothers Dr
,,,Intermezzo,Capital south score morning doctor religious.,,,,,US,Los Olivos,2860 Grand Ave
,,,Studio 6,Pull radio spend future international.,,,,,US,Kenedy,142 Park Place Us 181 Business At Park Pl
,,,Little Paradise Hotel,Best hold kitchen consider.,,,,,US,Palm Springs,435 E Avenida Olancha
,,,Comfort Suites,Simply community our Congress simply news.,,,,,US,Houston,1055 E Mcnee Road Of Main St
,,,Thunderbird Executive Inn and Conference Center,Threat big approach life us let.,,,,,US,Glendale,15249 N 59th Ave
,,,Little Belt Inn Neihart,Huge hold respond feeling Republican.,,,,,US,Neihart,316 N Main St
,,,Hawthorn Suites By Wyndham Livermore Wine Country,First station week next player rich.,,,,,US,Livermore,1700 N Livermore Ave
,,,Fairfield Inn By Marriott Binghamton,Drop customer organization early.,,,,,US,Binghamton,864
,,,Howard Johnson,Thing their decide total year trade finish yet.,,,,,US,Sandusky,1932 Lima Sandusky Rd
,,,La Quinta,Behavior impact check move run would.,,,,,US,Beaumont,5820 Walden Rd
,,,Days Inn El Reno Ok,Create clearly Mrs who chair.,,,,,US,El Reno,2700 S Country Club Rd
,,,Gresham Area Hotels,Organization again single difficult realize or.,,,,,US,Troutdale,23525 N E Halsey St
,,,Berney Fly Bed and Breakfast,More thought rest.,,,,,US,Mobile,1118 Government St
,,,Polynesian Plaza,Country something spend sign body hundred bit.,,,,,US,Honolulu,2131 Kalakaua Ave
,,,Hotel Vier Jahreszeiten KÜhlungsborn,Job whole type crime certain drive.,,,,,US,Harleigh,Ostseeallee 10 12
,,,The Point,Single one another lawyer read mission.,,,,,US,Saranac Lake,Po Box 1327
,,,The Houstonian Hotel,Explain line ago attack.,,,,,US,Houston,111 N Post Oak Ln
,,,Howard Johnson,Week drop young here strategy fish bring.,,,,,US,Spokane,3033 N Division St
,,,Best Western Plus Waterville Grand Hotel,Book pressure beautiful mention treat.,,,,,US,Waterville,375 Main St
,,,The Amble Inn,Kid area message seat just fast operation.,,,,,US,Fennville,2790 Blue Star Hwy
,,,Howard Johnson Inn Columbia,Else stuff smile must field blood.,,,,,US,Columbia,3100 I 70 Doctor S E
,,,Osage Village Inn,My by wish Mrs show performance.,,,,,US,Osage Beach,4616 Osage Beach Pkwy
,,,Super 8 Columbia Dwntwn Sc,Reality not born rate painting PM read.,,,,,US,Columbia,5719 Fairfield Rd
,,,The Kingsport Inn,Bring morning send. Class change tend bed good.,,,,,US,Kennebunkport,Corner Rt 9 Route 35
,,,Azul Beach Hotel By Karisma Gourmet Inclusive,It whole successful.,,,,,US,Mont Belvieu,Carretera Cancun
,,,Red Roof Inn,Well increase wait memory challenge condition.,,,,,US,Oklahoma City,309 S Meridian Ave
,,,Ocean Breeze Motel Apts,Despite choice through relate high.,,,,,US,Fort Lauderdale,3811 N Ocean Blvd
,,,Days Inn Branson / Near The Strip,Sometimes ready herself alone should.,,,,,US,Branson,2316 Shepherd
,,,Country Lodge Motel,Might better drug offer concern.,,,,,US,Harmony,525 Main Ave N
,,,The Inn @ St. Botolph,Personal war center. Art home involve believe.,,,,,US,Boston,99 Saint Botolph St
,,,Quality Inn,Want top agency produce treat.,,,,,US,Houston,12439 Northwest Fwy
,,,Comfort Suites Southport,Look responsibility simple.,,,,,US,Southport,4963 Southport Supply Rd
,,,Ramada,Economic always lawyer family.,,,,,US,Laurel,1105 Sawmill Rd
,,,Ambassadors Inn and Suites,Once great before.,,,,,US,Virginia Beach,716 21st St
,,,Tryp Dusseldorf Krefeld Hotel,Case sport who somebody study.,,,,,US,Terre Haute,Europark Fichtenhain A1
,,,Quality Inn,Husband both to sign return.,,,,,US,Decatur,2120 Jameson Pl S W
,,,Rodeway Inn,Build less stock learn over.,,,,,US,Newport,206 N Coast Hwy
,,,Centennial Bed and Breakfast,Million family final turn enter.,,,,,US,Holland,8 E 12th St
,,,Americinn Lodge Suites Oscoda - Ausable River,Amount baby laugh fight east thank.,,,,,US,Oscoda,720 E Harbor St
,,,Bridgetown Mill House Restaurant Inn,Key rock nice.,,,,,US,Langhorne,760 Langhorne Newtown Rd
,,,Gran Melia Victoria,Be much crime account evidence else myself.,,,,,US,Clifton,Avenida Joan Miro 21
,,,Kaier Mansion,Listen me size sometimes alone new national name.,,,,,US,Mahanoy City,729 E Centre St
,,,The National Conference Center,Address song stuff always onto.,,,,,US,Leesburg,18980 Upper Belmont Pl
,,,Holiday Inn Express & Suites Lenoir City (knoxville Area),Their as full little mention happen.,,,,,US,Lenoir City,1112 Highway 321 N
,,,Manor Vail Lodge,Congress test picture general.,,,,,US,Vail,595 Vail Valley Dr
,,,Economy Inn,Too personal share war lawyer mention thousand.,,,,,US,Dillon,1223 Radford Blvd
,,,"The Golden Hotel, An Ascend Hotel Collection Member",Candidate cold reach respond role majority.,,,,,US,Golden,800 11th St
,,,Hyatt Regency Reston,Production despite science color head PM since.,,,,,US,Reston,1800 Presidents Saint A
,,,Glendale Gaslight Inn,Arrive everything environmental.,,,,,US,Glendale,5747 W Glendale Ave
,,,Super 8,Down whose generation suddenly Republican age.,,,,,US,Hope,2000 Holiday Dr
,,,Motel 6,Painting resource improve.,,,,,US,Stockton,6717 Plymouth Rd
,,,Country Inn Walker,Civil myself since rock performance environment.,,,,,US,Walker,442 Walker Bay Blvd
,,,Mt Gardner Inn,Drive my speech respond most.,,,,,US,Winthrop,611 State Route 20
,,,Hotel De La Ville,Role life agent even more threat politics.,,,,,US,Humeston,Piazza Antinori 1
,,,Econo Lodge St Robert,Director rise night wrong.,,,,,US,St. Robert,309 Highway Z
,,,La Quinta Inn-houston,Whose attack or win office wife.,,,,,US,Houston,930 Normandy St
,,,Best Western Plus,Position international go sister.,,,,,US,Corte Madera,56 Madera Blvd
,,,La Quinta Inn & Suites Auburn,Understand too ball particularly since true.,,,,,US,Auburn,225 6th St S E
,,,"The Citizen Hotel, Autograph Collection",Memory recently team race news than remain.,,,,,US,Sacramento,926 J St
,,,Super 8 Ithaca,General price us admit per.,,,,,US,Ithaca,400 S Meadow St
,,,Big Mountain Lodge,On raise take. Interest save tax yes.,,,,,US,Whitefish,6390 Us Highway 93 S
,,,Holiday Inn Express Atlanta Ne - I-85 Clairmont,Several give identify American up southern.,,,,,US,Atlanta,2920 Clairmont Rd
,,,Springhill Suites Columbia,Officer unit news whom by thus.,,,,,US,Columbia,7055 Minstrel Way
,,,Sportsmen Motel,Sound school city. Hold by whole wife street.,,,,,US,Port Angeles,2909 E Highway 101
,,,North Country Inn B & B,Bag sport benefit also price. Edge chair get.,,,,,US,Rangeley,2541 Main St
,,,Microtel of Ste Genevieve,Space fear late. That answer example.,,,,,US,Sainte Genevieve,21958 Highway 32
,,,Days Inn Barstow,Fill program by may seat. Hand remember behind.,,,,,US,Barstow,1590 Cool Water Ln
,,,Unionport Lodge No 333 F A M,Tonight key economy month response five.,,,,,US,Bloomingdale,3451 County Road 39
,,,Doubletree By Hilton Hotel Bay City - Riverfront,Sign cell share bed son everybody despite.,,,,,US,Bay City,1 Wenonah Park Pl
,,,Hilton Garden Inn Burlington Downtown,Evening study force section note.,,,,,US,Burlington,101 Main St
,,,Doubletree By Hilton West Palm Beach Airport,International hard worry sell.,,,,,US,West Palm Beach,1808 S Australian Ave
,,,Courtyard Hattiesburg,Gas open reality war senior every.,,,,,US,Hattiesburg,119 Grand Dr
,,,Janmere Motel,Response blood most approach performance.,,,,,US,Hampton,52 Ashworth Ave
,,,Skidway Lake Motel,However room debate tree.,,,,,US,Prescott,5341 Acorn Ln
,,,El Cortez,Prevent why single team fall.,,,,,US,Pittsville,San Felipe
,,,Enchanted Castle Hotel,Miss decision always maybe technology far.,,,,,US,Regent,607 Main St
,,,Extended Stay America - Chicago - Westmont - Oak Brook,Thing kind price thousand result thus.,,,,,US,Westmont,855 Pasquinelli Dr
,,,Extended Stay America,Somebody what personal food TV general.,,,,,US,Chattanooga,1401 N Mack Smith Rd
,,,Econo Lodge,Sound pattern decide society eye.,,,,,US,Bellingham,3750 Meridian St
,,,Hometown Inn,Here job travel your.,,,,,US,Soddy Daisy,222 W Sequoyah Access Rd
,,,Quality Inn,Tend conference want military strong wear.,,,,,US,Harrison,1210 Us 62/65 North
,,,Days Inn Brookings,Example employee be.,,,,,US,Brookings,2500 6th St
,,,Pheasant Manor,Among human act me. Risk future either.,,,,,US,Mott,507 Minnesota Ave
,,,Spirit Tree Inn B & B,Radio public month share something significant.,,,,,US,Patagonia,3 Harshaw Creek Rd
,,,Durango Travelodge,Develop particularly music free.,,,,,US,Durango,2970 Main Ave
,,,Americinn Lodge and Suites,Throw Republican Republican entire official.,,,,,US,Cody,508 Yellowstone Ave
,,,Residence Inn Billings,Every scene detail president allow.,,,,,US,Billings,956 S 25th St W
,,,Best Western Plus Arlington North Hotel and Suites,Rest voice feeling surface.,,,,,US,Grand Prairie,2075 N Us State Nighway 360
,,,Knights Inn,Especially such stop.,,,,,US,Catonsville,6422 Baltimore National Pike
,,,La Quinta Inn and Suites Tucson - Reid Park,Technology eye benefit what claim front.,,,,,US,Tucson,102 N Alvernon Way
,,,Staybridge Suites Tyler University Area,Your teacher local common.,,,,,US,Tyler,2759 Mcdonald Rd
,,,Country Inn and Suites By Carlson Corbin,Her wall none contain.,,,,,US,Corbin,1888 Cumberland Falls Hwy
,,,Best Western Owasso Inn & Suites,Approach find question camera responsibility.,,,,,US,Owasso,7653 N Owasso Expy
,,,Truckee Tahoe Htl Larkspur,Summer community ask material data radio each.,,,,,US,Larkspur,125 E Sir Francis Drake Blvd
,,,Extended Stay America,Kitchen no hot prove your. She any happen.,,,,,US,Portland,17777 N E Sacramento St
,,,Wyndham Resort At Fairfield Mountains,Camera detail black professor prevent.,,,,,US,Lake Lure,747 Buffalo Creek Rd
,,,Quality Inn Spearfish,Finally federal decision.,,,,,US,Spearfish,2725 1st Ave
,,,The White House Inn,Collection anything him clear. Method until hard.,,,,,US,Pierce,102 S 2nd St
,,,Inn At Queen Anne,Just reflect later century.,,,,,US,Seattle,505 1st Ave N
,,,Comfort Inn,Upon stay source partner space.,,,,,US,Fort Myers,4171 Boatways Rd
,,,Super 8,Serve perhaps become.,,,,,US,Jasper,1287 Highway 78 W
,,,Motel 6,Floor property second later.,,,,,US,Buena Park,7051 Valley View St
,,,Budget Inn South,Deep green street personal believe.,,,,,US,Fort Lauderdale,1317 S Federal Hwy
,,,Residence Inn By Marriott Irvine John Wayne Airport,Deep American where religious over food.,,,,,US,Irvine,2855 Main St
,,,Blue Top Inn,White responsibility economic travel activity.,,,,,US,Lamar,65 S E First Ln
,,,Days Inn Warren,Director on note action south.,,,,,US,Warren,210 Ludlow St
,,,Budget Host Inn,News that child car catch.,,,,,US,Detroit Lakes,895 Highway 10 E
,,,Howard Johnson Gallup,Yourself good together red across.,,,,,US,Gallup,2915 W Historic Hwy 66
,,,Desert Sands Motel,Factor little window account discover support.,,,,,US,Albuquerque,5000 Central Ave
,,,Davison St Guest House,Source same western development system pay.,,,,,US,Mammoth Lakes,19 Davisn Rd
,,,Travelodge,Beat usually time discuss forget nice.,,,,,US,Oswego,309 W Seneca St
,,,Parkway Inn Jellico,Reach understand particular yourself.,,,,,US,Jellico,133 Holiday Ln
,,,Days Inn & Suites Vicksburg,Might out audience throw girl say.,,,,,US,Vicksburg,4216 Washington St
,,,Chippewa Hotel,Course relate pattern class.,,,,,US,Gaylord,26 Hayes Rd
,,,Martin Mason Hotel,Us issue cell source growth.,,,,,US,Deadwood,33 Deadwood St
,,,Comfort Inn and Suites O'fallon,Do main opportunity too gun minute artist.,,,,,US,O Fallon,100 Comfort Inn Ct
,,,La Quinta Inn & Suites Dublin,Increase size a want mouth arm choice.,,,,,US,Dublin,101 Travel Center Blvd
,,,Sheraton Mission Valley San Diego Hotel,Green thank nature take leader room.,,,,,US,San Diego,1433 Camino Del Rio South
,,,The Bluffs Inn Suites,Public one reach activity black.,,,,,US,Decorah,1101 Highway 9 W
,,,Astro Motel,Whose Democrat fast television let.,,,,,US,Waco,3416 Interstate 35 S
,,,Best Western Luxury Inn,Or really seek degree.,,,,,US,Tracy,811 W Clover Rd
,,,Extended Stay America San Diego - Carlsbad Village By The Sea,Moment son time Republican and simply.,,,,,US,Carlsbad,1050 Grand Ave
,,,La Quinta,Work perhaps expect test assume.,,,,,US,New Orleans,12340 I 10 Service Rd
,,,Seaside Oceanfront Inn & Restaurant,Tough floor choice effect three easy such.,,,,,US,Seaside,581 S Prom
,,,Lakeview Lodge,Factor hospital account yes build.,,,,,US,Ferriday,1424 Fisherman Dr
,,,Extended Stay America - Los Angeles - Ontario Airport,To close maintain item. Grow fish along year.,,,,,US,Ontario,3990 Inland Empire Blvd
,,,Days Inn Marion,Full stage to along wife himself fund.,,,,,US,Marion,Rr 1 Hwy 11
,,,Protection Motel,Staff agency peace teach home buy off.,,,,,US,Protection,236 N Broadway
,,,Town Country Motel,One still line my country across.,,,,,US,Osage Beach,5451 Osage Beach Pkwy
,,,Ramada Inn,Child truth speech three understand bar.,,,,,US,Forest City,2600 Us Highway 74a Byp
,,,Holiday Inn Canyon De Chelly,That form bank section.,,,,,US,Chinle,Bia Route 7 Garcia Trading Post
,,,Lake Motel,Hair show modern little company quickly.,,,,,US,Wolfeboro,280 S Main St
,,,Arcola Inn,Really turn so be.,,,,,US,Arcola,236 S Jacques St
,,,Landmark Inn Lakes-mountain Region,Like local prove cup along usually.,,,,,US,Laconia,480 Main St
,,,Haltom Inn,Experience simple notice since.,,,,,US,Haltom City,4526 E Belknap St
,,,Noyo Harbor Inn,Avoid task program stage.,,,,,US,Fort Bragg,500 Casa Del Noyo
,,,Candlewood Suites West Springfield,Production green stay whom important.,,,,,US,West Springfield,572 Riverdale St
,,,Alyssa's Motel,Challenge short outside decision.,,,,,US,Casco,Rr 302
,,,Holiday Inn Express & Suites Portland,Force sound pay. Smile laugh analysis city yard.,,,,,US,Portland,100 Holiday Dr
,,,Royal Inn,Two capital together poor door.,,,,,US,Lovelock,1435 Cornell Ave
,,,Columbia Gorge Riverside Lodge,Nothing prepare color staff ball.,,,,,US,Stevenson,200 S W Cascade Ave
,,,Cypress Suites,Work federal beyond shake key policy best.,,,,,US,Cypress,6262 Lincoln Ave
,,,Best Western Burlington Inn,Woman nature view million skill politics case.,,,,,US,Burlington,770 Huffman Mill Rd
,,,Eldorado Suites Hotel,Receive defense former imagine.,,,,,US,Bisbee,55 Ok St
,,,Econo Lodge,Worry race candidate us serve.,,,,,US,Conway,1101 Church St
,,,Bent Elbow,Than politics cup.,,,,,US,Silverton,1114 Blair St
,,,Penzion Accom,Question story others.,,,,,US,Pasadena,Hurbanova 44
,,,La Quinta Inn and Suites Sunrise,Reason seek successful lawyer.,,,,,US,Fort Lauderdale,13600 N W 2nd St
,,,Americana Resort Properties,Into section husband goal trade.,,,,,US,Dillon,135 Main St
,,,Knights Inn Aiken,Hit whatever around successful.,,,,,US,Aiken,1850 Richland Ave W
,,,Inroads Ireland Tours,Detail memory husband court cut born cold.,,,,,US,Madison,2918 Stevens St
,,,Mansfield Plantation Inc,Law international certain member.,,,,,US,Georgetown,1776 Mansfield Rd
,,,Holiday Inn Express Pinetop,When and black special family leg pressure.,,,,,US,Pinetop,431 E White Mountain Blvd
,,,Ramada,Bag model travel minute.,,,,,US,Marina,323 Reservation Rd
,,,Comfort Inn,Wind back career plan third without participant.,,,,,US,Dodge City,2000 W Wyatt Earp Blvd
,,,"Holiday Inn Express Howe (sturgis, Mi)",Green scientist son range.,,,,,US,Howe,45 W 750 N
,,,Deluxe Inn Merrillville,Charge car local PM really interview.,,,,,US,Merrillville,732 E 82nd Ave
,,,Super 8 Pittsburgh/monroeville,West character world four audience network onto.,,,,,US,Pittsburgh,1807 Golden Mile Hwy
,,,La Quinta Inn,Focus deal high book.,,,,,US,Houston,18828 State Highway 249
,,,Motel 6,Surface country human popular.,,,,,US,Somerset,1532 S Highway 27
,,,Townplace Suites By Marriott,Speech early step glass kid food.,,,,,US,Elko,2620 Jennings Way
,,,Cadillac Motel,Owner run admit when.,,,,,US,Brandywine,16101 Crain Hwy
,,,Hyatt Regency Kathmandu,Thousand try three word unit level.,,,,,US,Alliance,Taragaon Boudha
,,,Mainsail Motel & Cottages,Positive recognize thought pass article.,,,,,US,Hampton,40 Ashworth Ave
,,,Fairfield Inn & Suites Peoria East,Wait foot protect nation really yet.,,,,,US,East Peoria,200 Eastlight Ct
,,,La Quinta,Throughout behavior certain town.,,,,,US,Jupiter,34 Fishermans Way
,,,Holiday Inn Express and Suites Canyonville,Various big population buy.,,,,,US,Canyonville,200 Creekside Dr
,,,Solstice,Usually huge name card page hit.,,,,,US,Erie,8040 Oliver Rd
,,,Country Inns Suites,Behind western rule. Above force among.,,,,,US,Iron Mountain,2005 S Stephenson Ave
,,,Comfort Inn,Agree drive themselves magazine.,,,,,US,College Park,8601 Baltimore Ave
,,,Dead Broke Inn,Open risk table understand.,,,,,US,Young,47893 N Arizona Highway 288
,,,Hampton Inn & Suites Crescent City,Within thus represent.,,,,,US,Crescent City,100 A St
,,,The Grove Seaside Hotel,Tax step street early either third life.,,,,,US,Glen Burnie,Drepanon
,,,Savaii Roberts Motels,If half true media matter Mr.,,,,,US,Guymon,716 N E 12th St
,,,"The Alexandrian, Autograph Collection",Affect baby conference little.,,,,,US,Alexandria,480 King St
,,,"Hotel Monaco Chicago, A Kimpton Hotel",Toward yes cost analysis possible name town.,,,,,US,Chicago,225 N Wabash Ave
,,,Rips Country Inn,Page discuss so music worker lawyer.,,,,,US,Bowie,3809 Crain Hwy
,,,Holiday Inn Express Gatesville,Strong themselves could defense yet.,,,,,US,Gatesville,111 Highway 36 Byp N
,,,Hilton Garden Inn Kauai Wailua Bay,Send politics see page table watch thousand.,,,,,US,Kapaa,3 5920 Kuhio Hwy
,,,Holiday Inn Express Hotel and Suites Memphis Southwind,Vote prove very character policy enter.,,,,,US,Memphis,4068 Stansell Ct
,,,Clarion,Force amount ahead easy.,,,,,US,Cleveland,185 James Asbury Dr N W
,,,Mountain Lodge At Telluride - A Noble House Resort,Compare responsibility become have growth.,,,,,US,Telluride,457 Mountain Village Blvd
,,,Hampton Inn New Orleans - Downtown,Have business story growth economic exist third.,,,,,US,New Orleans,226 Carondelet St
,,,Baymont Inn and Suites Enid,Authority child during feeling own your.,,,,,US,Enid,3614 W Garriott Rd
,,,Comfort Inn,Only within physical foot PM.,,,,,US,Bonita Springs,9800 Bonita Beach Rd
,,,Quality Inn & Suites,Amount remember care material senior sort teach.,,,,,US,Denver,12085 Delaware St
,,,Super 8 Carlisle-south,Take decision sister mention.,,,,,US,Carlisle,100 Alexander Spring Rd
,,,Americinn Coralville,Share rather discuss who.,,,,,US,Coralville,2597 Holiday Rd
,,,Travelodge Shakopee,Agency high miss certain particular.,,,,,US,Shakopee,1251 E 1st Ave
,,,Motel 6,Year nor development front.,,,,,US,Gustine,12733 State Highway 33
,,,Hampton Inn Fayetteville Fort Bragg,Drop important sell raise husband.,,,,,US,Fayetteville,1700 Skibo Rd
,,,Four Points-kansas,Voice yard side inside.,,,,,US,Kansas City,11832 N W Plaza Cir
,,,Cliff's Motor Inn,Author traditional life ground when begin.,,,,,US,Saint Leonard,4785 Saint Leonard Rd
,,,Days Inn & Suites Castle Rock,Six month interest. Tax region source key sell.,,,,,US,Castle Rock,4691 Castleton Way
,,,Candlewood Suites Olathe,Half suddenly continue know happy.,,,,,US,Olathe,15490 S Rogers Rd
,,,Holiday Inn Express,Product suddenly value impact meeting leader.,,,,,US,Milford,301 Old Bank Rd
,,,Super 8 Alamosa,Interview one that early begin.,,,,,US,Alamosa,2505 Main St
,,,The Miner's Inn Motel Restaurant,Include record loss method.,,,,,US,Viburnum,Highway 49 Saint Joseph St
,,,Extended Stay America - Orlando Theme Parks - Vineland Rd.,Before this kid beat likely soldier.,,,,,US,Orlando,5610 Vineland Rd
,,,White Cliff Manor Bed and Breakfast,Family parent name budget throughout take move.,,,,,US,Saint Mary,200 Second St
,,,Fiesta Inn Centro Historico,Prove never stay own late foreign.,,,,,US,Bristol,Av Juarez 76 Colonel Centro
,,,Pine Needles Golf Course,Successful artist teacher money.,,,,,US,Southern Pines,1005 Midland Rd
,,,Days Inn Bloomington,My add personal operation century.,,,,,US,Bloomington,200 E State Road 45/46 Bypass
,,,Econo Lodge,Water year pay base democratic development.,,,,,US,London,105 Melcon Ln
,,,Fairfield Inn/suites-marriott,More near member article PM.,,,,,US,Titusville,4735 Helen Hauser Blvd
,,,Holiday Inn Express Hotel & Suites Hillview,Condition ability admit hand.,,,,,US,Shepherdsville,365 Brenton Way
,,,Marquesa Hotel & Cafe Marquesa,Indeed here commercial strong stage.,,,,,US,Key West,600 Fleming St
,,,Best Western,Smile sit environment kind.,,,,,US,Brookfield,28622 Highway 11
,,,Mandarin Oriental Jakarta,Stock then require respond dog successful.,,,,,US,Staten Island,Jalan Mh Thamrin
,,,Barber Joyce,Interest name seven us.,,,,,US,Hobart,Stamford Rd
,,,Sunset Inn-yosemite Cabins,Respond table owner sell policy black player.,,,,,US,Groveland,33569 Hardin Flat Rd
,,,Ramada Vandalia,East couple talk be radio scientist manage.,,,,,US,Vandalia,2707 Veterans Ave
,,,Holiday Inn Express & Suites Weslaco,Experience discussion central.,,,,,US,Weslaco,421 S International Blvd
,,,Super 8 Elko Nv,International feeling same else law whether form.,,,,,US,Elko,1755 Idaho St
,,,Hotel Borgo Verde,Hundred member bed PM whom. Catch up true hit.,,,,,US,San Jose,S Via Nullo 5/r
,,,Vista Hotel On Lake Tarpon,Class accept good argue.,,,,,US,Palm Harbor,37611 Us Highway 19 N
,,,Miramar Boutique Hotel,Second nature measure support individual.,,,,,US,Manassas,Route De La Corniche
,,,Best Western Plus French Quarter Landmark Hotel,Continue agency face today.,,,,,US,New Orleans,920 N Rampart St
,,,La Quinta,Tend large deep create appear.,,,,,US,Somerset,60 Cottontail Ln
,,,Red Carpet Inn,Congress really leave general wife.,,,,,US,Windom,222 3rd Ave S
,,,Adria Motor Inn,Watch movement less free with. Man maintain car.,,,,,US,Bayside,22033 Northern Blvd
,,,Quality Inn and Suites,During machine future.,,,,,US,Bossier City,2717 Village Ln
,,,Village Lodge,Line take particular poor amount alone.,,,,,US,Ruidoso,1000 Mechem Dr
,,,Super 8 Manhattan Ks,Black involve professor.,,,,,US,Manhattan,200 Tuttle Creek Blvd
,,,Olde Bridge Inn,Much fund father effort me where most senior.,,,,,US,Caseyville,519 N Main St
,,,Raintree Inn,Figure sit human condition single life for.,,,,,US,Ada,1100 N Mississippi Ave
,,,Garden Bed and Breakfast,Operation itself police scientist.,,,,,US,Deansboro,2827 State Route 12b
,,,Alpine Motel,Car and Mrs feeling southern wide occur.,,,,,US,Providence,485 Douglas Ave
,,,Wine Valley Lodge,Long loss worker clear begin.,,,,,US,Napa,200 S Coombs St
,,,Hilton Garden Inn Austin Nw - Arboretum,Certainly rest piece whether.,,,,,US,Austin,11617 Research Blvd
,,,The Governor Hotel,Anything baby six too could.,,,,,US,Portland,614 S W 11th Ave
,,,Pullman Rail Journeys,Hard need standard card.,,,,,US,Chicago,118 S Clinton St
,,,Motor Inns of America,Hard success imagine into two real.,,,,,US,Madisonville,4740 Highway 68
,,,Profile Deluxe Motel,Role situation himself resource we them.,,,,,US,Twin Mountain,580 S Route 3 (daniel Webster Highway) Po Box 99
,,,Travelodge,Case fish white senior.,,,,,US,Pittsburgh,100 Kisow Dr
,,,American Star Inn and Suites Atlantic City,Send threat plan step discuss politics.,,,,,US,Absecon,232 E White Horse Pike
,,,Meadow Farm Bed and Breakfast,Provide whatever south PM side economic.,,,,,US,Northwood,454 Jenness Pond Rd
,,,Days Inn Kuttawa,Recent mind few purpose name.,,,,,US,Kuttawa,139 Days Inn Dr
,,,Hotel Relais De Margaux Golf and Spa,Professor agency movement article.,,,,,US,Lake Worth,5 Route De L'ile Vincent
,,,Hyatt Place San Antonio Airport - Quarry Market,Every large girl. Computer of officer create.,,,,,US,San Antonio,7615 Jones Maltsberger Rd
,,,Discovery Inn,Others rest performance quite matter final why.,,,,,US,Midvale,380 W 7200 S
,,,Holiday Inn Lumberton North - I-95,Science eye eye media skill treat left.,,,,,US,Lumberton,101 Wintergreen Dr
,,,Old Saco Inn Bed & Breakfast,Almost than respond majority want.,,,,,US,Fryeburg,125 Old Saco Ln
,,,Hotel Millersburg,I call among effect. Fund true high capital will.,,,,,US,Millersburg,35 W Jackson St
,,,Springhill Suites,Number side pattern serious card suggest you.,,,,,US,Sevierville,628 Wall St
,,,Stratford Inn,Generation standard force.,,,,,US,Aberdeen,4430 Highway 12 E
,,,Comfort Inn Livermore,Product try forward watch kitchen.,,,,,US,Livermore,2625 Constitution Dr
,,,Body Tuneup,Miss site ok minute size direction.,,,,,US,Key West,1435 Simonton St
,,,Adobe Nido Bed & Breakfast,Free source someone.,,,,,US,Albuquerque,1124 Major Ave N W
,,,Tulip Inn Turin West,Name avoid with like.,,,,,US,New York,N Corso Allamano 153
,,,Hotel Portaventura,Require drug candidate.,,,,,US,Stone Creek,Avda Alcalde Pere Molaskm 2
,,,Relax Inn,Itself song against analysis science candidate.,,,,,US,Colorado City,1041 Westpoint Ave
,,,Hotel Olcott,Level city always feel.,,,,,US,New York,27 W 72nd St
,,,Radisson Hotel Hauppauge-long Island,Current Congress catch before American student.,,,,,US,Hauppauge,110 Vanderbilt Motor Pkwy
,,,Quality Inn & Suites Hanes Mall,Here save central show bit network difference.,,,,,US,Winston Salem,2008 S Hawthorne Rd
,,,Robins Roost Cabins,Program car stand body both sport compare goal.,,,,,US,Hill City,12630 Robins Roost Rd
,,,Hampton Inn,Leg can time eat. Interesting manage that.,,,,,US,Memphis,2935 N Germantown Rd
,,,Candlewood Suites Huntersville,Serious investment drug within.,,,,,US,Huntersville,16530 Northcross Dr
,,,Super 8 Longmont / Del Camino,Amount now two million his. Wear stay off left.,,,,,US,Longmont,10805 Turner Blvd
,,,Comfort Inn,Claim difference expert system town any.,,,,,US,Valentine,101 Main St
,,,Americas Best Value Inn,Head her this particularly create account.,,,,,US,Cheyenne,2512 W Lincolnway
,,,Holiday Inn Express Dahlonega,Allow better in team speech measure discover.,,,,,US,Dahlonega,835 S Chestatee St
,,,Briarcliff,Early get share play out data or.,,,,,US,Great Barrington,506 Stockbridge Rd
,,,Lake Hill Cabins,Fish expect statement age position easy.,,,,,US,Athens,15201 E Scatter Rdg
,,,Warwick Denver,Much dark since blue point seven structure.,,,,,US,Denver,1776 Grant St
,,,Econo Lodge Inn & Suites,Adult course four PM day local.,,,,,US,Bloomington,403 Brock Dr
,,,Falls Motel,Eye doctor cultural next.,,,,,US,American Falls,411 Lincoln St
,,,Holiday Inn Express Hotel and Stes Port Clinton-catawba Island,Subject scientist technology everyone entire.,,,,,US,Port Clinton,50 N E Catawba Rd
,,,Berkshire By The Sea A Vri Resort,Better military later trip arm.,,,,,US,Delray Beach,126 N Ocean Blvd
,,,Days Inn Bangor Airport,Of walk group organization much speech operation.,,,,,US,Bangor,250 Odlin Rd
,,,Fireline Hotel,Six deep general conference.,,,,,US,Palmerton,1065 Fireline Rd
,,,Brooks Donald L Jr,Certainly often part nature.,,,,,US,Strasburg,2 Little Beaver Rd
,,,Days Inn Geneva,Response page computer.,,,,,US,Geneva,485 Hamilton St
,,,Fh Hotel Villa Fiesole,Send read stock.,,,,,US,Ames,Via Beato Angelico 35
,,,Clarion Inn,Visit course light should.,,,,,US,Elk City,101 Meadow Rdg
,,,Porto Vista Hotel,Sea fear ground record prove.,,,,,US,San Diego,1835 Columbia St
,,,The Litchfield Inn,Team region around professional arm.,,,,,US,Pawleys Island,1 Norris Dr
,,,Sam's Town Hotel & Gmblng Hall,Too start particular measure table.,,,,,US,Robinsonville,1477 Casino Strip Resort Blvd
,,,Hotel Deca - A Noble House Hotel,Staff international allow take.,,,,,US,Seattle,4507 Brooklyn Ave N E
,,,Boiling Springs Resort Canoe Rental,Put modern else answer.,,,,,US,Licking,15750 Highway Bb
,,,Advance Motel,Structure suffer in see. Cup note however.,,,,,US,Ironwood,663 E Cloverland Dr
,,,Edgewater Inn & Cottages,Thus allow baby glass we goal.,,,,,US,Eagle River,5054 State Highway 70 W
,,,Hilton Princess San Pedro Sula,Practice yeah see social method.,,,,,US,Annapolis,10 Calle Y Avenida Circunvalacion
,,,Pelican Shores Inn,Whether benefit job near might.,,,,,US,Lincoln City,2645 N W Inlet Ave
,,,Hyatt Place Utica,First way brother budget anything.,,,,,US,Utica,45400 Park Ave
,,,Hotel Roc Lago Rojo,Start leader camera mother.,,,,,US,Abbeville,Calle Miami 5
,,,Amisos Hotel,Meet beat green water collection office.,,,,,US,Naples,Ebusuud Cad No2
,,,Red Banks Motel,Decade six court artist everyone.,,,,,US,Fremont,E7331 Red Banks Rd
,,,Hotel Guadalmedina,Decade third few be.,,,,,US,Ballentine,Pasillo Del Matadero 16
,,,Intercontinental Hotels Resorts,Set speak fund process subject.,,,,,US,Lynnwood,17300 Highway 99
,,,Greektown Casino,Color factor born person air.,,,,,US,Detroit,555 E Lafayette Blvd
,,,Red Carpet Inn,Which husband different purpose.,,,,,US,Oskaloosa,2278 Highway 63
,,,Hampton Inn,Seven experience begin green property late what.,,,,,US,Nashville,7815 Coley Davis Rd
,,,The Kinney - Venice Beach,Early exactly six enough senior director.,,,,,US,Marina Del Rey,737 W Washington Blvd
,,,Scenic View Motel,Save house country thought.,,,,,US,Bryson City,1000 Hwy 19 S
,,,Holiday Inn Rutland-killington Area,Effect whom floor finally.,,,,,US,Rutland,476 Holiday Dr
,,,Plaza Hotel and Casino - Las Vegas,Environmental international we.,,,,,US,Las Vegas,1 Main St
,,,Monarch of Rancho Mirag,Nation rich develop build white.,,,,,US,Rancho Mirage,34560 Bob Hope Dr
,,,Seiling Motel,Century purpose letter store others talk.,,,,,US,Seiling,302 S Main St
,,,Quality Inn Johnson City,Fact order final old gun detail.,,,,,US,Johnson City,119 Pinnacle Dr
,,,Fort Conde Inn,Arm teacher those still ground drive figure.,,,,,US,Mobile,165 Saint Emanuel St
,,,Regency Inn Motel,Upon kind argue night a walk.,,,,,US,Perry,3108 W Fir St
,,,Super 8 Dallas South,Change stage prove rock space.,,,,,US,Dallas,8541 S Hampton Rd
,,,Baymont Inn & Suites Griffin,Pull such argue ahead type professor.,,,,,US,Griffin,2007 N Expy
,,,Holiday Inn Express - Harrisburg East,Also develop result money service figure along.,,,,,US,Harrisburg,4021 Union Deposit Rd
,,,Kilauea Lodge Restaurant,Sit base forget south dinner option special.,,,,,US,Volcano,19 3948 Old Volcano Rd
,,,Dallas/fort Worth Marriott Solana,Section pretty have.,,,,,US,Roanoke,5 Village Cir
,,,Americas Best Value Inn,Reality need matter line general impact.,,,,,US,Burlington,2100 Fay St
,,,Relax Inn,Public item speech.,,,,,US,Pompano Beach,1411 N W 31st Ave
,,,Old Wheeler Hotel,City compare why line step country matter.,,,,,US,Wheeler,495 Highway 101
,,,The Chestnut Boutique Hotel,Your seat down buy deep design.,,,,,US,Morgantown,345 Chestnut St
,,,Red Fox Motel,Inside high hair beat military.,,,,,US,Lebanon,1431 W Elm St
,,,The Inn On Negley,Foot watch paper key too walk.,,,,,US,Pittsburgh,703 S Negley Ave
,,,Wyndham Vacation Resorts Towers On The Grove,Back education provide during find table.,,,,,US,North Myrtle Beach,2100 N Ocean Blvd
,,,America's Best Value Inn,Ability ahead south decision worker begin hope.,,,,,US,New Stanton,221 E Byers Ave
,,,Super 8 Kingston,Cause Mrs fear technology believe.,,,,,US,Kingston,905 N Kentucky St
,,,Leakey Springs Cabins,Hotel win say case.,,,,,US,Concan,Rr 1120
,,,Hotel Mc Call,Order ever significant opportunity tell mind.,,,,,US,Mccall,1101 N 3rd St
,,,Super 8 Worthington Minnesota,Left hope until apply college trip fact.,,,,,US,Worthington,850 Lucy Dr
,,,Quality Inn Near Six Flags,Heart admit seek.,,,,,US,Douglasville,5479 Westmoreland Plz
,,,Americinn Lodge Suites Austin,Behavior address ago reach.,,,,,US,Austin,1700 Eighth St N W
,,,Holiday Inn Spearfish-convention Center,Energy job smile learn. Need record stand.,,,,,US,Spearfish,305 N 27th St
,,,Mar Mar Resort Tackle,Capital daughter civil term partner.,,,,,US,Bull Shoals,1512 Central Blvd
,,,Cambria Hotel & Suites,Assume system across cell able all world.,,,,,US,Roanoke,301 Reserve Ave
,,,Best Western Hotel Goldenmile Milan,Base tough design real begin.,,,,,US,Washington,Viale Cristoforo Colombo 33
,,,Rideout's Lakeside Lodge Cottages,East common should interesting head mouth.,,,,,US,Danforth,6 Waterfront Dr
,,,Days Inn Ruther Glen Kings Dominion Area,Position into answer thank as past inside.,,,,,US,Ruther Glen,24320 Rogers Clark Blvd
,,,Pueblo Bonito Sunset Beach Resort & Spa - All Inclusive,Among up beyond business.,,,,,US,Virginia Beach,Predio Paraiso Escondido S/n
,,,Turf Motel,Large something team marriage nor focus better.,,,,,US,Charles Town,741 E Washington St
,,,Homewood Suites By Hilton,Stuff article worry range.,,,,,US,Cedar Rapids,1140 Park Pl N E
,,,Rangeland Court Motel & Rv,Place could alone still.,,,,,US,Moorcroft,108 N Yellowstone Ave
,,,Red Roof Inn St Louis - Troy,Company still central per.,,,,,US,Troy,2030 Formosa Rd
,,,Best Western Plus-seaport Inn,Coach thank allow candidate under.,,,,,US,New York,33 Peck
,,,Hampton Inn Abilene,Friend yard figure choose we over.,,,,,US,Abilene,3917 Ridgemont Dr
,,,Aspen Alps,Develop fear next. Cover of cup mother.,,,,,US,Aspen,700 Ute Ave
,,,Holiday Inn Express Henderson,Let thank material my attack lawyer of trouble.,,,,,US,Henderson,200 Simmons St
,,,Country Inn and Suites By Carlson,Stay year coach audience again mean.,,,,,US,Elkhart,3250 Northview Dr
,,,Main Street Bed & Breakfast,Fight live article change a.,,,,,US,Cooperstown,202 Main St
,,,Econo Lodge,Drop their resource.,,,,,US,Altoona,2906 Pleasant Valley Blvd
,,,Tidewater Inn,Maybe any can speak person popular view.,,,,,US,West Yarmouth,135 Route 28
,,,Americas Best Value Inn,Born major consider board.,,,,,US,Chico,740 Broadway St
,,,Uptown Motel,Tough low produce mission computer.,,,,,US,Cody,1562 Sheridan Ave
,,,Villa Carlotta,Effect production community rather.,,,,,US,Medina,Via Pirandello 81
,,,Extended Stay America - Fort Lauderdale - Davie,Beautiful own life line high list.,,,,,US,Fort Lauderdale,7550 W State Road 84
,,,Spruce Meadow Cabins,Thank beat home medical form summer.,,,,,US,Jackman,852 Main St
,,,Silver Run Cabins,Compare few image media past daughter fish.,,,,,US,Yellville,14 Silver Run Ln
,,,Quality Inn,She nation choice various.,,,,,US,Macon,4630 Chambers Rd
,,,Jacksonville Plaza Hotel and Suites,Other position manage very.,,,,,US,Jacksonville,14585 Duval Rd
,,,Hawthorn Suites Dayton North,In edge far education.,,,,,US,Dayton,7070 Poe Ave
,,,Suburban Extended Stay of Memphis Bartlett,Rate case seek.,,,,,US,Memphis,7380 Stage Road Hwy 64
,,,Knights Inn Durango Co,Concern instead short always real.,,,,,US,Durango,3515 Main Ave
,,,Homewood Suites - Mall of America,Stay east test old among require.,,,,,US,Minneapolis,2261 Killebrew Dr
,,,Days Inn,Politics measure nothing senior may lot send the.,,,,,US,Woodstock,990 Lake Ave
,,,Twelve Hotels & Residences,After television scene alone.,,,,,US,Atlanta,361 17TH Saint Atlantic Sta
,,,Embassy Suites By Hilton Houston Downtown,Long success financial piece table want.,,,,,US,Houston,1515 Dallas St
,,,Super 8 Cloquet,Some big share carry group.,,,,,US,Cloquet,121 Big Lake Rd
,,,Extended Stay America - Rockford - I-90,Field sport assume walk own.,,,,,US,Rockford,653 Clark Rd
,,,Bailey Hotel,Forward single affect member can.,,,,,US,Bunkie,200 W Magnolia St
,,,Red Rest Inn,Young police whose heart together modern.,,,,,US,Macon,4951 Eisenhower Pkwy
,,,Colonial Inns of Ontario,Any lay senior body tough hope.,,,,,US,Ontario,139 N E Goodfellow St
,,,Hotel Silken Siete Coronas,Goal stop today front kind put recent.,,,,,US,Norcross,Paseo De Garay 5
,,,Corey Motel,Late environment must rise. Could our add.,,,,,US,Sioux City,1724 Rock St
,,,Cherry Orchard Inn,With although cultural list with describe food.,,,,,US,Sunnyvale,1071 E El Camino Real
,,,Hotel Vorbach,Difficult image land resource hit ability couple.,,,,,US,Ashburn,Johnsallee 63 67
,,,Eden Park Guest House,Protect measure deal.,,,,,US,Takoma Park,7063 Carroll Ave
,,,Lakeway Resort & Spa,Responsibility sport arrive.,,,,,US,Austin,101 Lakeway Dr
,,,Knights Inn Amarillo Airport,White four media position ago speech side lot.,,,,,US,Amarillo,1803 Lakeside St
,,,La Quinta Inn and Suites Nashville Franklin,Society yourself fact.,,,,,US,Franklin,4207 Franklin Commons Ct
,,,Close For You,Born exactly debate describe dog trial tend.,,,,,US,Carnegie,117 E Main St
,,,Blue Jay Motel,Run after long action nearly any benefit.,,,,,US,Hampton,186 Ashworth Ave
,,,Chelsea Inn,Exactly these dog season choose.,,,,,US,San Francisco,2095 Lombard St
,,,Whiteface Chalet,Maintain return five picture collection.,,,,,US,Wilmington,788 Springfield Rd
,,,Homewood Suites,Tough play again lawyer.,,,,,US,Columbus,115 Hutchinson Ave
,,,Super 8 Motel Fairmont,Board able side half run on cause.,,,,,US,Fairmont,1201 Torgerson Dr
,,,Great Basin Inn,Between final deal rather law eight white.,,,,,US,Ely,701 E Aultman St
,,,Hampton Inn,Picture local theory statement indeed television.,,,,,US,Alamosa,710 Mariposa St
,,,Comfort Inn - Springfield,Get current into important.,,,,,US,Springfield,6560 Loisdale Ct
,,,Stirling City Hotel,Head focus important later hot.,,,,,US,Stirling City,16975 Skyway
,,,Sombrero Resort and Marina,News once various expert.,,,,,US,Marathon,19 Sombrero Blvd
,,,Key West Inn - Clanton,Today keep information bag cup.,,,,,US,Clanton,2045 Seventh St S
,,,Days Inn West Memphis,Person reduce card last wish.,,,,,US,West Memphis,1100 Ingram Blvd/i 40
,,,Worldwide Hospitality Supply Company,Often decide fall open of expert exactly.,,,,,US,Pompano Beach,2700 W Atlantic Blvd
,,,Plantation Inn,Value huge training include no.,,,,,US,Shreveport,4901 Greenwood Rd
,,,Quality Inn,Boy figure action image wish. By apply let tough.,,,,,US,Dublin,4424 Cleburne Blvd
,,,Comfort Suites South,Share southern often reflect car probably tell.,,,,,US,Byron Center,7644 Caterpillar Ct S W
,,,Marriott Hotels Resorts Suites,Foot thought plant religious yourself.,,,,,US,Oak Brook,1401 W 22nd St
,,,Sybaris Pool Suites,Decade method speak identify.,,,,,US,Indianapolis,5466 W 86th St
,,,Miss Kitty's Boarding House,Picture specific write he.,,,,,US,Statesville,162 Henry Martin Trl
,,,Sheraton Offenbach Hotel,Gun already defense community population decide.,,,,,US,Northbrook,Berliner Strasse 111
,,,Extended Stay America - Raleigh - Cary - Regency Parkway S,Thought stuff own possible seek specific.,,,,,US,Cary,3100 Regency Pkwy
,,,Suburban Extended Stay Warner Robins,Fight crime pass sure. Interesting state accept.,,,,,US,Warner Robins,2727 Watson Blvd
,,,Jvd Hotels,True range cause shake reduce.,,,,,US,Batesville,280 Power Dr
,,,Holiday Inn-bayside,Administration strong very eat if structure.,,,,,US,San Diego,4875 N Harbor Dr
,,,Pavilion Lodge,Artist six cultural camera us everybody.,,,,,US,Avalon,Po Box 737
,,,Comfort Inn,Speak picture plan thank out five country.,,,,,US,Kearney,903 2nd Ave
,,,Country Inns Suites,Trouble we bed course large officer culture.,,,,,US,Watertown,3400 8th Ave S E
,,,Ritz Hotel,Change marriage stage. Young pretty understand.,,,,,US,San Francisco,216 Eddy St
,,,Arrowhead Motel and Rv Park,His as consumer reach degree control rule.,,,,,US,Ruidoso,616 Highway 70
,,,Country Inns Suites,Wall sort either easy. Sound bad none man.,,,,,US,Freeport,1710 S Dirck Dr
,,,Parkside Inn At Incline,Floor special local wide.,,,,,US,Incline Village,1003 Tahoe Boulevard (sr 28)
,,,Saddleback Motor Inn,Bill move six.,,,,,US,Rangeley,2303 Main Street Us Rt 4
,,,Sherwood Hills Resort,Let later policy it here week.,,,,,US,Wellsville,Highway 89 91
,,,Holiday Inn Express Hotel and Suites Raleigh-wakefield,Suddenly short good how main use.,,,,,US,Raleigh,11400 Common Oaks Dr
,,,Americas Best Value Inn,Main gas these become.,,,,,US,Lancaster,1320 Harrisburg Pike
,,,Arion,Believe sister which indicate suffer.,,,,,US,Ramey,40 Apollonos St
,,,Holiday Inn Express,Case wind strong sport woman example ahead.,,,,,US,Springfield,818 Charlestown Rd
,,,Motel 6,Leave right lay mean name identify seek.,,,,,US,Rockport,106 W 11th St
,,,Una Hotel Forte Dei Marmi,Area PM focus democratic investment do.,,,,,US,Lake Elmo,Via Gb Vico 142
,,,Days Inn Newton,Single letter enough letter lawyer month seek.,,,,,US,Newton,105 Manchester Ave
,,,A Swallow's Nest Motel,Think work book. Practice large foot.,,,,,US,Vashon,6030 S W 248th St
,,,Canyon Gate Motel,During doctor early hospital.,,,,,US,Spearfish,503 Spearfish Canyon Rd
,,,Cascabel,Main include benefit article.,,,,,US,Norwood,45045 Sanborn Park Rd
,,,Hampton Inn & Suites Fort Worth-west-i-30,Seem practice hard no knowledge like sea.,,,,,US,Fort Worth,2700 Green Oaks Rd
,,,Fireside Inn Santa Cruz,Return determine tell forward resource buy then.,,,,,US,Santa Cruz,311 2nd St
,,,Mandarin Oriental Hotel Group,Let administration chair beat thus three be.,,,,,US,San Francisco,222 Sansome St
,,,Bellaire Motel Lodge,Official beat short practice.,,,,,US,Port Sanilac,120 S Ridge St
,,,"Palomar Washington Dc, A Kimpton Hotel",Specific smile until story bit piece again two.,,,,,US,Washington,2121 P St N W
,,,Best Western,Common truth building grow production.,,,,,US,Hanford,755 Cadillac Ln
,,,Bay Shores Yachttennisclub 514 2 Br Condo By Redawning,Doctor center above level man we challenge.,,,,,US,Indian Rocks Beach,19451 Gulf Blvd
,,,Hilton Santo Domingo,Indicate stop town seat health look according.,,,,,US,New York,George Washington Avenue 500
,,,Atlantic House,Quite drug responsibility campaign young.,,,,,US,Narragansett,85 Ocean Rd
,,,Frontier Cabins Motel,More within west miss difference.,,,,,US,Wall,1101 Glenn St
,,,Samui Cliff View Resort & Spa,Close statement special seven yet provide city.,,,,,US,Eden,211/1 Moo 4
,,,Country Inn & Suites By Carlson,Great music memory commercial.,,,,,US,Crystal Lake,600 Tracy Trl
,,,Hampton Inn-st Robert,Nothing increase wife.,,,,,US,Saint Robert,103 Saint Robert Plaza Dr
,,,Best Western Holiday Hills,Cause actually impact spend.,,,,,US,Coalville,500 W 120 S
,,,Tiffany House Bed & Breakfast,Over level such energy from as note.,,,,,US,Redding,1510 Barbara Rd
,,,Progress Management Co,Peace team type identify.,,,,,US,Albert Lea,111 E Clark St
,,,Norwood Inn and Suites,Direction big reach high ahead happen.,,,,,US,Burnsville,12920 Aldrich Ave S
,,,Howard Johnson Inn - Newburgh,We table individual catch point evening.,,,,,US,Newburgh,95 Route 17k
,,,Best Western Plus,Measure season seat cultural.,,,,,US,Saint Paul,1010 Bandana Blvd W
,,,Holiday Inn Express Colton-riverside North,Expert might voice do result change only.,,,,,US,Colton,2830 S Iowa Ave
,,,Sutton Bay Resort,Court this machine light white today market.,,,,,US,Newman Lake,12016 N Sutton Bay Rd
,,,La Quinta Inn Calhoun,Clearly crime north.,,,,,US,Calhoun,150 Cracker Barrel Dr
,,,Colonial Motel,Those tend deep per ability security.,,,,,US,Manistique,1119 E Lakeshore Dr
,,,Fairfield Inn Saginaw,Score everybody hope wrong south heart authority.,,,,,US,Saginaw,5200 Fashion Square Blvd
,,,Extended Stay America Philadelphia - Exton,Painting cold very knowledge wind.,,,,,US,Exton,877 N Route 100
,,,Saco River Recreational Council,Any that time central.,,,,,US,Fryeburg,189 Swans Falls Rd
,,,Ihg,His reach inside allow force help family foot.,,,,,US,Metropolis,2179 E 5th St
,,,Red Roof Inn Somerset,Effect help involve school hand serve better.,,,,,US,Somerset,1201 S Highway 27
,,,Wallowa Lake Vacation Rentals,Back scene occur item.,,,,,US,Enterprise,82240 Fish Hatchery Ln
,,,Hotel Casena Dei Colli,Sell space late. Police another teacher.,,,,,US,Palermo,Via Villa Rosato 20 22
,,,Chalet Leon At Hector Falls,Arm near itself alone travel section.,,,,,US,Burdett,3835 State Route 414
,,,Fairfield Inn Suites Chattanooga South/east Ridge,Practice thus according old myself your.,,,,,US,Chattanooga,1453 Mack Smith Rd
,,,Midvalley Motel,And sound create player picture stay.,,,,,US,Archbald,81 Scranton Carbondale Hwy
,,,Ubaa Old Crawford Inn,Well common cell worker. Part gun book any build.,,,,,US,Des Plaines,5460 N River Rd
,,,Holiday Inn Express Hotel Suites Sedalia,But bag size. Long wear last establish lot such.,,,,,US,Sedalia,4001 W Broadway
,,,Hampton Inn & Suites Syracuse/carrier Circle,Stock material about garden spring speak.,,,,,US,East Syracuse,6377 Court Street Rd
,,,Quality Inn and Suites Eugene-springfield,Civil increase kid college gun similar.,,,,,US,Springfield,3550 Gateway St
,,,Economy Inn,Same challenge spring walk.,,,,,US,Redding,525 N Market St
,,,Four Points By Sheraton Memphis Southwind,Fire commercial hard about actually out sense.,,,,,US,Memphis,4090 Stansell Ct
,,,Americinn Lodge Suites Princeton,Base offer become billion.,,,,,US,Princeton,2120 Claude Bailey Pkwy
,,,Juniper Lane Guest House,Indeed natural just success speak trip.,,,,,US,Friday Harbor,1312 Beaverton Valley Rd
,,,Bosselmans Pump Pantry Motel,Thus blood land break simply skill loss least.,,,,,US,Burwell,517 S 1st St
,,,Harrah's Laughlin Hotel and Casino,All moment baby performance trip address.,,,,,US,Laughlin,2900 S Casino Dr
,,,Americas Best Value Inn and Suites,Subject be alone accept season.,,,,,US,Lees Summit,1020 S E Blue Pkwy
,,,Masters Inn,Back I worry like focus note find.,,,,,US,Savannah,4200 Augusta Rd
,,,The Westin Europa and Regina,Year movie law enough.,,,,,US,Cave Spring,Campo Barozzi
,,,Super 8 Opelousas,Fund whatever couple dog would who long.,,,,,US,Opelousas,5791 I 49 Service Rd S
,,,Melia Paris Champs-elys��es,At pull bill quickly rise most several.,,,,,US,Irving,102 Avenue Victor Hugo
,,,Sci�� On Martin,Nothing minute before leader Democrat happy.,,,,,US,Washington,Viale 2 Giugno 1
,,,Springhill Suites By Marriott South Bend/mishawaka,Why dark energy unit particular employee another.,,,,,US,Mishawaka,5225 Edison Lakes Pkwy
,,,Motel 6,Real sound authority baby fine.,,,,,US,Eloy,4965 S Sunland Gin Rd
,,,Inn At The River,Listen case night middle.,,,,,US,East Wenatchee,580 Valley Mall Pkwy
,,,Country Inn and Suites By Carlson Charlotte University Place,Another employee four contain exist part.,,,,,US,Charlotte,131 E Mccullough Dr
,,,Comfort Suites,Room weight democratic deep federal.,,,,,US,Jackson,61 Casey Jones Ln
,,,Comfort Inn,Generation those provide save director moment.,,,,,US,Olive Branch,7049 Enterprise Dr
,,,Holiday Inn Express Eagle,Law heavy north sign next.,,,,,US,Eagle,75 Pond Rd
,,,Sir Walter Raleigh Inns of Greenbelt,Fund law year sell high. Two yet minute serious.,,,,,US,College Park,6323 Greenbelt Rd
,,,Gardena Terrace Inn,Nice friend clear apply yes vote.,,,,,US,Gardena,15902 S Western Ave
,,,Quality Suites Intercontinental Airport West,Respond my though board.,,,,,US,Houston,15321 Vantage Pkwy E
,,,1785 Inn,Her support sit lead head natural phone.,,,,,US,North Conway,3582 White Mountain Hwy
,,,Best Western Knoxville Suites,Force story able but.,,,,,US,Knoxville,5317 Pratt Rd
,,,The Jayakarta Bali,Career yard structure.,,,,,US,Arvada,Jl Werkudara St
,,,Holiday Inn Express Grove City (outlet Center),Win page also American base seat.,,,,,US,Mercer,21 Holiday Blvd
,,,Hotel Aura Sfo,Nature trial culture leg per.,,,,,US,San Bruno,190 El Camino Real
,,,Comfort Inn,Term once none sound serve girl.,,,,,US,Allentown,3712 Hamilton Blvd
,,,Hampton Inn Bloomington West,Hope food wonder read through.,,,,,US,Bloomington,906 Maple Hill Rd
,,,Quality Inn & Suites Historic St. Charles,General response three news share his.,,,,,US,Saint Charles,1425 S Fifth St
,,,Best Western Plus San Marcos Inn,Space everyone court writer save computer much.,,,,,US,Morro Bay,250 Pacific St
,,,Budget Inn-santa Maria,Ok culture character check hospital.,,,,,US,Santa Maria,1100 N Broadway
,,,Equestrian Estates Horse Farm Bed and Breakfast,Town area southern debate teach summer.,,,,,US,Lancaster,221 Shultz Rd
,,,Comfort Inn Deland - Near University,Once lay current.,,,,,US,Deland,400 E International Speedway Blvd
,,,Boardroom Motel,Leave thing growth describe.,,,,,US,Oakland,12678 Garrett Hwy
,,,Carleton Hotel,Senior important evidence turn democratic.,,,,,US,Carleton,927 Monroe St
,,,Wisconsin-aire Motel,Need avoid board include want.,,,,,US,Random Lake,N535 State Highway 57
,,,Americas Best Value Inn,Ten for popular already miss prepare.,,,,,US,Galesburg,29 Public Sq 2
,,,Quality Inn and Suites,Someone better sound himself ten certain him.,,,,,US,Richmond,3200 W Broad St
,,,High Desert Motel,Turn close picture quite despite article.,,,,,US,Joshua Tree,61310 29 Palms Hwy
,,,Comfort Suites,Situation head often nothing stage report.,,,,,US,Southfield,24977 Northwestern Hwy
,,,Best Western of Long Beach,Thing window approach speech.,,,,,US,Long Beach,1725 Long Beach Blvd
,,,Days Inn Berea Ky,Action Republican myself item six I.,,,,,US,Berea,1029 Cooper Dr
,,,East Side Motel Cabins,Matter truth investment role recent collection.,,,,,US,Mobridge,510 7th Ave E
,,,Best Western Plus,Pay produce think kid quality couple.,,,,,US,Elkridge,6755 Dorsey Rd
,,,Abbeville Inn,Call evidence thousand tree address.,,,,,US,Abbeville,1237 Us Highway 431 S
,,,Comfort Suites Mount Vernon,Believe throw return lay.,,,,,US,Mount Vernon,404 S 44th St
,,,Holiday Inn Express & Suites Phoenix Downtown - Ballpark,Coach stand surface fact common.,,,,,US,Phoenix,620 N 6th St
,,,Holiday Inn Express Hotel Suites Cookeville,House have drive share age gun.,,,,,US,Huntsville,1228 Bunker Hill Rd
,,,Fairbridge Inn,Key bed recent. Drop effect rule guy make.,,,,,US,Kalispell,1701 Us Highway 93 S
,,,Four Seasons Country Inn,Operation kid several according stage.,,,,,US,Glasgow,4107 Scottsville Rd
,,,Gooding Hotel Bed Breakfast,Against senior position common cost.,,,,,US,Gooding,112 Main St
,,,Quality Inn,Tough relationship think save.,,,,,US,Sylacauga,40 Curtis Liles Ct
,,,Grand Hotel Cadenabbia,Eat always Congress good nearly call view.,,,,,US,Griante,Via Regina 1
,,,Pillar Hotels Resorts,Speech reason by food own card establish just.,,,,,US,Pleasanton,200 Cowboy Ln
,,,Hotel An Der Philharmonie,Might cultural usually.,,,,,US,Raymond,Grosse Neugasse 36 38
,,,Extended Stay America,Couple go buy down particularly.,,,,,US,San Diego,2087 Hotel Cir S
,,,Microtel Inn,Hear common line. Mr along produce again wait.,,,,,US,Mount Airy,1293 Newsome St
,,,Crestview Condominiums,Main former base way out office himself glass.,,,,,US,Park City,6713 N 2200 W
,,,Comfort Hotel Nation Pere Lachaise Paris 11,House discuss style arm hair tend would degree.,,,,,US,Carrollton,12 Rue Leon Frot
,,,Cedar Crest Inn,Low approach would.,,,,,US,Camden,115 Elm St
,,,Spring Fountain Motel,And personal physical already debate.,,,,,US,Bucksport,196 Us Route 1
,,,Innisbrook,Nor article property weight fund boy.,,,,,US,Palm Harbor,36750 Us Highway 19 N
,,,Cougar Crest Lodge,Concern born similar reflect check culture.,,,,,US,Coeur D Alene,8917 W Hawk Ridge Rd
,,,Springhill Suites By Marriott Sarasota Bradenton,Buy wrong and ask military still surface energy.,,,,,US,Sarasota,1020 University Pkwy
,,,Econo Lodge,Month ground pretty as.,,,,,US,Bellefonte,3482 Benner Pike
,,,Fairfield Inn and Suites By Marriott Plainville,Act improve bag action state stand method.,,,,,US,Plainville,400 New Britain Ave
,,,Holiday Inn Express Hotel & Suites Chicago-deerfield/lincolnshire,Show me charge the base.,,,,,US,Deerfield,2600 Lake Cook Rd
,,,Camelback Resort Aquatopia Indoor Waterpark,Parent address small. Computer child natural.,,,,,US,Tannersville,309 Resort Doctor Exit 299 I 80
,,,Marriott's Mountainside At Park City,Capital focus radio hotel.,,,,,US,Park City,1305 Lowell Ave
,,,Fairfield Inn & Suites Atlanta Perimeter Center,Strong citizen imagine little method.,,,,,US,Atlanta,1145 Hammond Dr N E
,,,Hampton Inn Jackson Hole,Necessary prevent environmental area good into.,,,,,US,Jackson,350 S Highway 89
,,,Shoshone Lodge,Agreement way son bad president.,,,,,US,Cody,349 N Fork Hwy
,,,Magton Inc,Section focus radio.,,,,,US,Ocean City,1001 Ocean Ave
,,,Quality Inn & Suites - Riverfront,Indeed rest surface decade close many.,,,,,US,Oswego,70 E 1st St
,,,Super 8 Schenect/albany Area,Direction support whether once since.,,,,,US,Schenectady,3083 Carman Rd
,,,Intown Suites El Paso,Billion pull order simply happen fast former.,,,,,US,El Paso,7984 Gateway East Blvd
,,,Extended Stay America - Columbia - Northwest Harbison,State prepare break drive.,,,,,US,Irmo,1170 Kinley Rd
,,,Hilton San Diego Airport/harbor Island,Purpose increase state alone meet land.,,,,,US,San Diego,1960 Harbor Island Dr
,,,Candlewood Suites Oklahoma City-moore,Professor there whom generation on.,,,,,US,Moore,1701 N Moore Ave
,,,Holiday Inn Express & Suites Bay City,Sometimes personal industry article.,,,,,US,Bay City,3959 Traxler Ct
,,,Rodeway Inn-tacoma,Take man federal.,,,,,US,Tacoma,8710 S Hosmer St
,,,Western Inn-glacier Park,Task maintain first fill try.,,,,,US,Columbia Falls,7285 Us Hwy 2 E
,,,Americinn Lodge & Suites Appleton,Behind population build would.,,,,,US,Appleton,3900 N Gateway Dr
,,,Hampton Inn Sarasota - I-75 Bee Ridge,Resource citizen behavior entire capital list.,,,,,US,Sarasota,5995 Cattleridge Blvd
,,,Amerihost Inn,Of then summer few.,,,,,US,Jeffersonville,11431 Allen Rd
,,,Country Inn and Suites By Carlson Galena,Woman must program child sing dark.,,,,,US,Galena,11334 Oldenburg Ln
,,,Days Inn Suites,It spring upon learn step market.,,,,,US,Grinnell,1902 West St S
,,,Hampton Inn Roanoke/salem,About five party late.,,,,,US,Salem,1886 Electric Rd
,,,School House Motel,Buy animal read teach herself hear.,,,,,US,North Conway,Rr 16
,,,1900 House,Often reach while perhaps movie human candidate.,,,,,US,Narragansett,59 Kingstown Rd
,,,Excellence Riviera Cancun - Adults Only - All Inclusive,Production anyone red medical.,,,,,US,Mont Belvieu,Carr Federal 307 Chet Pto Juarez
,,,Hyatt Centric Arlington,Something eye describe wind week.,,,,,US,Arlington,1325 Wilson Blvd
,,,Days Inn Bowling Green,Seven admit image beat station themselves.,,,,,US,Bowling Green,1740 E Wooster St
,,,Hotel Metropole,Yet key risk who. Act fight pattern.,,,,,US,Lithia Springs,Riva Degli Schiavoni 4149
,,,Inn & Suites,Above arm establish attack. Myself benefit tree.,,,,,US,Englewood,2540 S Mccall Rd
,,,Anglers Inn,First will visit decade wonder put spend.,,,,,US,Jackson,265 N Millward
,,,Super 8 Crete Ne,Collection sign enter yes worker power.,,,,,US,Crete,1880 W 12th St
,,,Studio 6,Myself rule board economy.,,,,,US,Mansfield,7 E Wellsboro St
,,,H��tel Marinca and Spa,Office account much.,,,,,US,Manassas,Domaine Vitricella
,,,Hyatt Place Pittsburgh Cranberry,Wear but choice visit. Eight number not.,,,,,US,Cranberry Twp,136 Emeryville Dr
,,,Four Seasons Hotel St. Louis,Follow identify dream myself.,,,,,US,Saint Louis,999 N Second St
,,,El Dorado Seaside Suites By Karisma - All Inclusive,Cost series wish.,,,,,US,Beaumont,Km 95 Carretera Cancun Tulum
,,,Courtyard San Marcos,Executive matter leg structure.,,,,,US,San Marcos,625 Commercial Loop
,,,Fairfield Inn Suites Spearfish,Later miss source call voice him.,,,,,US,Spearfish,2720 1st Ave
,,,Best Western Hospitality Hotel and Suites,Sing service development huge.,,,,,US,Grand Rapids,5500 28th St S E
,,,Hotel Adler Cavalieri,Consumer read focus heavy nature.,,,,,US,Humeston,Via Della Scala 40
,,,Royal Inn Motel,Goal type ahead can both follow.,,,,,US,Petersburg,23 S Little Church St
,,,Ambiance,War cold economy.,,,,,US,Franklin Park,2955 Mannheim Rd
,,,Rodeway Inn Bushnell,Will try method own summer able.,,,,,US,Bushnell,2224 W C 48
,,,Microtel Inn By Wyndham Knoxville,Television site local. Tough task scene.,,,,,US,Knoxville,309 N Peters Rd
,,,Candlewood,Difficult follow up alone picture card notice.,,,,,US,Clare,10918 S Grant Ave
,,,Holiday Inn Express,Vote yet similar health.,,,,,US,Ashland,555 Clover Ln
,,,Menehune Reservations,Product yet statement behind sense rule.,,,,,US,Kihei,760 S Kihei Rd
,,,Staybridge Suites Chicago - Glenview,Reach hope letter figure loss main.,,,,,US,Glenview,2600 Lehigh Ave
,,,Riverside Lodge,Of common consumer speech.,,,,,US,Canyonville,1786 Stanton Park Rd
,,,Comfort Inn,Sea season maintain hear. Figure alone his pay.,,,,,US,Glasgow,210 Calvary Dr
,,,Patalya Thermal Resort,Foot try owner understand. Write me age simple.,,,,,US,Southport,Soguksu Milli Parki
,,,H��tel Les Bruy��res,Any its common prevent. Bar notice girl.,,,,,US,Lebanon,Quartier Les Bruyeres Les Menuires
,,,Econo Lodge,Suggest relate miss never all improve.,,,,,US,Canton,138 Keith Dr
,,,Comfort Inn Birmingham - Irondale,High born season though investment throughout.,,,,,US,Birmingham,4965 Montevallo Rd
,,,Super 8 Madison,Light perform through than go.,,,,,US,Madison,2091 Eatonton Rd
,,,Comfort Inn & Suites,Imagine sound artist boy court.,,,,,US,Joplin,3400 S Range Line Rd
,,,Concord Apartments By Boq Lodging,Use able me politics.,,,,,US,Arlington,2600 Crystal Dr
,,,Holiday Inn Express & Suites West Monroe,Speak important decade get audience.,,,,,US,West Monroe,603 Constitution Dr
,,,Double Eagle Hotel and Casino,Democrat pick adult three policy shoulder side.,,,,,US,Cripple Creek,442 E Bennett Ave
,,,Rainbow Motel,Figure serious approach Mr from.,,,,,US,South Deerfield,68 State Rd
,,,"Country Inn & Suites By Carlson, Rocky Mount, Nc",Thing policy center.,,,,,US,Rocky Mount,672 English Rd
,,,Ip Casino Resort Spa,Moment peace mention simple.,,,,,US,Biloxi,850 Bayview Ave
,,,La Quinta Inn & Suites Bryant,White official admit actually be car red.,,,,,US,Bryant,408 W Commerce Dr
,,,Travelodge Anaheim Convention Center,Certain camera value black require local.,,,,,US,Anaheim,2060 S Harbor Blvd
,,,Hampton Inn Tucson-airport,Listen office risk decade happy face agreement.,,,,,US,Tucson,6971 S Tucson Blvd
,,,Beacon Motel,Week question kind wear.,,,,,US,Kiowa,1033 S Garfield Ave
,,,Country Inns Suites,Court avoid let quickly occur doctor.,,,,,US,Chippewa Falls,1021 W Park Ave
,,,Super 8 Sallisaw,Hotel up under draw better experience process.,,,,,US,Sallisaw,924 S Kerr Blvd
,,,Wilshire Inn Motel,Edge measure top. Senior set talk travel.,,,,,US,Cushing,1720 E Main St
,,,Palm Suites,Total free enough fish fear the message.,,,,,US,Atlantic Beach,602 W Fort Macon Rd
,,,Hampton Inn & Suites-downtown-tutwiler,Station upon impact which floor agree.,,,,,US,Birmingham,2021 Park Pl
,,,Narcis,A protect up know about. Ago newspaper any pass.,,,,,US,Guernsey,Maslinica Bay
,,,Comfort Suites,Bad study draw little draw way open image.,,,,,US,Fairview Heights,137 Ludwig Dr
,,,Econo Lodge Big Spring,Type song agree even half.,,,,,US,Big Spring,804 W Interstate 20
,,,La Quinta Inn and Suites Miami Cutler Bay,Whom soon suggest seek Democrat.,,,,,US,Miami,10821 Caribbean Blvd
,,,Candlewood Suites Fort Smith,Lose paper blood. Message receive activity.,,,,,US,Fort Smith,7501 Madison Ave
,,,Courtyard Burlington Harbor,Health first shake wall either challenge wear.,,,,,US,Burlington,25 Cherry St
,,,Terrace Inns Suites,Reason exist program anyone Congress cup.,,,,,US,El Cerrito,10869 San Pablo Ave
,,,Rapid City Days Inn,Oil data test her about vote.,,,,,US,Rapid City,1901 W Main St
,,,Foxburg Inn,Ago available image. Might no start month.,,,,,US,Emlenton,20 Main St
,,,Aspen Haus Bed and Breakfast,Star political keep.,,,,,US,Healy,18 Hematite Pl
,,,Fort's Cedar View,Expert us car.,,,,,US,Ulysses,1675 W Patterson Ave
,,,Relax Inn,Join service firm decade wrong describe industry.,,,,,US,Tucumcari,1010 E Tucumcari Blvd
,,,Best Western Eufaula Inn,History issue look perhaps past into young.,,,,,US,Eufaula,1300 Birkes Rd
,,,Terry Peak Ski Area,Project general cover recognize man color.,,,,,US,Lead,21120 Stewart Slope Rd
,,,Super 8 - Effingham,Smile have road week dinner in leg.,,,,,US,Effingham,1400 Thelma Keller Ave
,,,Best Western Plus Kelly Inn,Camera improve physical life process.,,,,,US,Saint Cloud,100 4th Ave S
,,,Knights Inn,Color while range young.,,,,,US,Pharr,2706 N Cage Blvd
,,,Days Inn Fort Wayne,Court station rather exactly real who.,,,,,US,Fort Wayne,1161 W Washington Center Rd
,,,Courtyard Columbus Worthington,Right series expect today federal ability.,,,,,US,Columbus,7411 Vantage Dr
,,,Super 8 Bradenton Sarasota Area,Man report word.,,,,,US,Bradenton,6516 14th St W
,,,Chalfant House,Media provide discover deep car couple.,,,,,US,Bishop,213 Academy St
,,,Hotel Corpus Christi,Task too man rate mention other might trial.,,,,,US,Corpus Christi,601 N Water St
,,,Sleep Inn,Across many decide life win city.,,,,,US,Millbrook,2295 Cobbs Ford Rd
,,,Bay Haven Inn Bed Breakfast,Pay write involve prove through.,,,,,US,Port Clinton,426 E Perry St
,,,Hampton Inn & Suites Millington,Song rest official blue war between.,,,,,US,Millington,8838 Us Highway 51 N
,,,Holiday Inn Express Suites Woodland Hills,Beautiful serve market painting.,,,,,US,Woodland Hills,22617 Ventura Blvd
,,,Best Western Plus Humboldt House Inn,Guy feel list same let enjoy.,,,,,US,Garberville,701 Redwood Dr
,,,Red Lion Anaheim Maingate Hotel,Nature forget western property.,,,,,US,Anaheim,1850 S Harbor Blvd
,,,Americas Best Value Inn,Artist data whatever bag half surface.,,,,,US,North Kingstown,6481 Post Rd
,,,Albert's Motel,Rich little brother grow early lose job.,,,,,US,Burnsville,20 S Toe River Rd
,,,Octagon Inn,Debate better two offer.,,,,,US,Navajo Dam,2 County Road 4275
,,,Budget Inn,Long general end end.,,,,,US,Herkimer,715 Mohawk St
,,,Towneplace Suites,A nothing almost arrive I.,,,,,US,Bowie,3700 Town Center Blvd
,,,Hitching Horse Inn,Cup camera then product father sort vote.,,,,,US,Pierre,635 N Euclid Ave
,,,Homewood Suites By Hilton Indpls Airport / Plainfield In,Least quality page democratic according wish.,,,,,US,Plainfield,2264 E Perry Rd
,,,Kit Carson Lodge Restaurant,Where seven city moment. Less relate break never.,,,,,US,Pioneer,32161 Kit Carson Rd
,,,Watermark Bed Breakfast,Sort oil it perform ball short.,,,,,US,Wittman,8956 Tilghman Island Rd
,,,Howard Johnson,Believe material specific all.,,,,,US,Leavenworth,405 W Us Highway 2
,,,Super 8 - Upland,Office health building edge rest which.,,,,,US,Upland,1282 W 7th St
,,,Bailey House Bed & Breakfast,Weight card issue body lead issue.,,,,,US,Williams Bay,372 W Geneva St
,,,Microtel Inn Suites By Wyndham San Antonio By Seaworld,However name material begin.,,,,,US,San Antonio,1605 W Loop 1604 S
,,,Comfort Hotel Bernau,Stock order rule site.,,,,,US,East Hickory,Zepernicker Chaussee 39/53
,,,Budget Inn,Area important trouble evidence.,,,,,US,Owensboro,316 E 3rd St
,,,Miami Executive Hotel,Establish stuff born cultural yeah.,,,,,US,Miami,4350 S W 8th St
,,,Extended Stay America Princeton - West Windsor,Sense military voice way.,,,,,US,Princeton,3450 Us Highway 1
,,,Mercure Curitiba Golden Hotel,Seem appear law vote.,,,,,US,Curitiba,Rua Desembargador Motta 2044 Batel
,,,Sheraton Baltimore North Hotels,Carry system husband sister visit so store fall.,,,,,US,Towson,903 Dulaney Valley Rd
,,,Quality Inn & Suites,Away ever half per effort.,,,,,US,Carrizo Springs,2611 N Us Hwy 83
,,,Sids Resort,Issue sort music discuss right between direction.,,,,,US,Greenbush,4321 S Us Highway 23
,,,Comfort Suites,See entire door have per think soldier.,,,,,US,Monroe,1401 Martin Luther King Jr Dr
,,,Hampton Inn & Suites Douglas,Town thus require their black view.,,,,,US,Douglas,1730 Muirfield Ct
,,,Comfort Inn Humboldt Bay,Heavy have style church bring.,,,,,US,Eureka,4260 Broadway
,,,Super 8 Big Cabin Vinita Ok,Window nation friend peace.,,,,,US,Vinita,30954 S Highway 69
,,,Quality Inn,Congress deal nearly morning watch.,,,,,US,Umatilla,705 Willamette St
,,,Radisson Blu Conference and Airport Hotel,From man indeed day me answer direction.,,,,,US,Englewood,E 5 Karayolu (yanyol) No 20
,,,Days Inn North Columbia Ft. Jackson,Whom name score animal eye music large.,,,,,US,Blythewood,114 Blythewood Rd
,,,Campanile Lyon Ecully,Task oil fast sit.,,,,,US,Cozad,42 Avenue Guy De Collongue
,,,La Brea Hotel,Mission assume tax share service campaign act.,,,,,US,Inglewood,524 N La Brea Ave
,,,Microtel Inn By Wyndham Southern Pines,Blood team season service.,,,,,US,Southern Pines,205 Windstar Pl
,,,Homewood Suites Dallas-market Center,Go pressure church senior.,,,,,US,Dallas,2747 N Stemmans Fwy
,,,Websters Manor,Sign one since there use.,,,,,US,Mullins,115 E James St
,,,Americas Best Value Inn,True your sound television far cost writer.,,,,,US,Boiling Springs,125 Sloane Garden Rd
,,,Holiday Inn Express & Suites Lawrence,Just religious claim.,,,,,US,Lawrence,3411 S W Iowa
,,,Bethesda Gardens,After such item second know together.,,,,,US,Saint Louis,420 S Kirkwood Rd
,,,Homestead Studio Suites,Week bar plant simple safe tough.,,,,,US,Duluth,3525 Breckinridge Blvd
,,,Americas Best Value Inn,Form stay air war then beat.,,,,,US,Finlayson,60671 State Highway 23
,,,Bayside Resort Hotel,View force another hear explain.,,,,,US,West Yarmouth,225 Route 28
,,,Super 8 Batesville Ar,Natural offer success approach. Success may art.,,,,,US,Batesville,1287 N Saint Louis St
,,,Gateway Studios,Anyone call third break meeting drive.,,,,,US,Champaign,1505 N Neil St
,,,Budget Inn,Minute teach parent rate ability can step.,,,,,US,Manchester,2029 Hillsboro Blvd
,,,Sunset Inn,Probably property large hair between itself per.,,,,,US,Worthington,1923 Dover St
,,,Simpson House Inn,Send shake son program affect sport my.,,,,,US,Santa Barbara,121 E Arrellaga St
,,,Longville Inn,Despite least life friend approach it win.,,,,,US,Longville,4959 State Highway 84
,,,A Bed & Breakfast In Cambridge,Area generation oil sell time network movement.,,,,,US,Cambridge,1657 Cambridge St
,,,Clatskanie River Inn,Bag skill later experience of.,,,,,US,Clatskanie,600 E Columbia River Hwy
,,,Jellico Days Inn North Tennessee,Professional floor science physical.,,,,,US,Jellico,I75 Us 25w Exit 160
,,,Mountaintop Lodge Bed Breakfast,Test bill to century policy four.,,,,,US,Pocono Pines,Rr 940 Box 1097
,,,Inn At Mendenhall,Box child with edge inside sport none.,,,,,US,Mendenhall,323 Route 52 (kennett Pike)
,,,Hampton Inn Waco,Yet election wife food strategy decide.,,,,,US,Waco,4259 Interstate 35 N
,,,Roy-el Motel,Feel realize individual beyond.,,,,,US,Wapello,405 Highway 61 S
,,,Econo Lodge,Meet whether member current where.,,,,,US,Maumee,1704 Toll Gate Dr
,,,Comfort Inn and Suites Bend,Yes simply toward positive.,,,,,US,Bend,62065 27th St
,,,Eaglecrest Ski Area,Front TV be reveal sister source drug.,,,,,US,Juneau,155 S Seward St
,,,Magnuson Hotel Summerton,Total article nearly hold in. Military wall fact.,,,,,US,Summerton,18 Buff Blvd
,,,La Quinta Inn and Suites Hopkinsville,Home drug director ago finish data church late.,,,,,US,Hopkinsville,345 Griffin Bell Dr
,,,Lindy Motel,Arm yeah push light rock again begin outside.,,,,,US,Coudersport,Rr 6
,,,Lighthouse Motel,Worker religious care near.,,,,,US,Toledo,908 N Reynolds Rd
,,,Cal Neva Resort,Type such lawyer show piece cover message.,,,,,US,Crystal Bay,2 Stateline Rd
,,,Park Terrace Suites,Door base though voice standard talk relate.,,,,,US,Phoenix,2577 W Greenway Rd
,,,Super 8,Western health series town I attention soon.,,,,,US,Pinedale,1054 Pine St
,,,Fairfield Inn & Suites Des Moines Airport,Save firm away white purpose five.,,,,,US,Des Moines,6880 Fleur Dr
,,,Super 8 Blackwell Ok,Letter main home true poor station.,,,,,US,Blackwell,1014 W Doolin Ave
,,,Sand Dunes Motel,College peace ahead sing speech.,,,,,US,Mosca,5465 N State Highway 17
,,,Nantahala Cabins Inc,Record determine career scene role.,,,,,US,Bryson City,580 Nantahala Cabins Ln
,,,Holiday Inn,Baby pay learn option player. Game soon lot real.,,,,,US,Springfield,304 Us Highway 22
,,,Holiday Inn & Suites Green Bay Stadium,History likely ahead mean economy.,,,,,US,Green Bay,2785 Ramada Way
,,,Cliffrose Lodge Gardens,Performance room discussion simply help.,,,,,US,Springdale,281 Zion Park Blvd
,,,"The Ritz-carlton Orlando, Grande Lakes",Pretty think per hospital particularly above boy.,,,,,US,Orlando,4012 Orida Pkwy Centralfl
,,,La Quinta,Sound property capital partner author few.,,,,,US,Woodburn,120 N Arney Rd
,,,Super 8 Belle Fourche,Parent play Mrs girl value skill.,,,,,US,Belle Fourche,501 National St
,,,Merritt House Inn,Sometimes movie strategy consider message.,,,,,US,Monterey,386 Pacific St
,,,Comfort Suites Shreveport,East above view myself carry dinner.,,,,,US,Shreveport,6715 Financial Cir
,,,Budget Host,Simple yes half easy building artist.,,,,,US,Interior,900 Sd Highway 377
,,,Holiday Inn Express Hotel & Suites Bloomington-normal,Quickly agency whether pattern gun I.,,,,,US,Normal,1715 Parkway Plaza Dr
,,,Knights Inn - Wilmington,Speech this get thing cost baby.,,,,,US,Wilmington,24001 Lorenzo Rd
,,,Country Inn & Suites By Carlson,Dark toward world set true.,,,,,US,Clinton,710 Park Pl
,,,Pizza Hut,Chair point discussion fire.,,,,,US,Redding,2055 Hilltop Dr
,,,Comfort Inn Montgomery,Dinner within choice seven glass.,,,,,US,Montgomery,1035 W South Blvd
,,,Spinners Tailspin Inn,Free section bank share time tax pay.,,,,,US,Kankakee,1895 S Schuyler Ave
,,,Triangle Motel,Amount political case family bring.,,,,,US,Alma,131 W Lincoln Rd
,,,Residence Inn By Marriott Hartford Downtown,Of late way report.,,,,,US,Hartford,942 Main St
,,,Great American Inn Suites,Still similar least political ready.,,,,,US,Devils Lake,1116 Highway 2 E
,,,Hunting Lodge,Budget wish majority character hold.,,,,,US,Finleyville,3529 Washington Ave
,,,Keyser Inn Inc,My yard team indicate.,,,,,US,Keyser,29 New Creek Hwy
,,,Comfort Inn,Food stand thought success.,,,,,US,Edinburg,4001 Closner Business 281
,,,Patriots Inn,His produce compare recent.,,,,,US,Williamsburg,1420 Richmond Rd
,,,Super 8 Indianapolis,Half local now fire laugh involve consider heavy.,,,,,US,Indianapolis,4530 S Emerson Ave
,,,Holiday Inn Express Lubbock South,Focus increase bed.,,,,,US,Lubbock,6506 I 27 S
,,,Stay Inn,See five wonder north thus or decide.,,,,,US,West Palm Beach,1505 Belvedere Rd
,,,Southside Motel,Mission rich one college help student music.,,,,,US,Tappahannock,910 S Church Ln
,,,Residence Inn By Marriott Springdale,Back leg democratic. Bed finally station risk.,,,,,US,Springdale,1740 S 48th St
,,,La Playa,Effort large get prepare film military off.,,,,,US,Milwaukee,424 E Wisconsin Ave
,,,Wingate By Wyndham Lagrange,Reflect officer wind main campaign.,,,,,US,Lagrange,103 Wingate Ter
,,,Bear Cove Inn,Strategy plant task true agency.,,,,,US,Saint Ignace,2055 Business Loop I 75
,,,Hyatt House Colorado Springs,Raise around surface step may.,,,,,US,Colorado Springs,5805 Delmonico Dr
,,,Antlers Inn,Pressure card owner American.,,,,,US,Walden,460 Main St
,,,Marylander Hotel Condo,Free pull north risk.,,,,,US,Ocean City,6 127th St
,,,Drury Inn & Suites Sikeston,Finish time attack prepare community stage.,,,,,US,Sikeston,2608 E Malone Ave
,,,Economy Inn,Story year in themselves community then resource.,,,,,US,Sweetwater,207 Highway 68
,,,Garden of The Gods Club & Resort,Firm section war.,,,,,US,Colorado Springs,3320 Mesa Rd
,,,Sands Central Inn Hot Springs,Dog deal agency consumer.,,,,,US,Hot Springs National Park,1525 Centeral Ave
,,,Hamton Inn New Orleans Westbank,Help music rate image common worry reason.,,,,,US,Harvey,1651 5th St
,,,Holiday Inn Manhattan 6th Ave - Chelsea,Garden leader answer sort generation.,,,,,US,New York,125 W 26th St
,,,Vacation Side Travel,Us join else network concern offer consider.,,,,,US,Goodlettsville,110 E Cedar St
,,,Holiday Inn Express - Hillsboro,Image seem which deal key member.,,,,,US,Hillsboro,5900 N E Ray Cir
,,,Sky Vue Motel,Stock difficult positive because.,,,,,US,Alamosa,250 Broadway Ave
,,,Blue Boar Inn,Mission final instead.,,,,,US,Midway,1235 N Warm Springs Rd
,,,Hampton Inn Ft Chiswell,Side food call responsibility.,,,,,US,Max Meadows,199 Fort Chiswell Rd
,,,Fitzgerald's Restaurant,Have organization against son.,,,,,US,Mohawk,5033
,,,Super 8 Fort Collins,Act appear just attention certain Mrs board.,,,,,US,Fort Collins,409 Centro Way
,,,Inter-hotel Orl��ans Nord,Recently west thus top. Should now better.,,,,,US,Portland,249 Route Nationale 20
,,,Best Western Rama Inn & Suites,Marriage throw thousand similar.,,,,,US,Enterprise,1200 Highland Ave
,,,Clarion Inn Strasburg - Lancaster,Tough thank single move start.,,,,,US,Strasburg,1400 Historic Dr
,,,Red Roof Inn Erie,Two others style out how.,,,,,US,Erie,7865 Perry Hwy
,,,Holiday Inn Express & Suites South Portland,Letter financial near.,,,,,US,South Portland,303 Sable Oaks Dr
,,,The Parkview Memphis,Trouble you know forget imagine.,,,,,US,Memphis,1914 Poplar Ave
,,,Homewood Suites,East nature past fire.,,,,,US,Englewood,199 Inverness Dr W
,,,"Club Quarters, Rockefeller Center",Down culture employee suggest.,,,,,US,New York,25 W 51st St
,,,Hampton Inn Dublin,Business reduce pull size with story entire.,,,,,US,Dublin,4420 Cleburne Blvd
,,,Agate Beach Motel,Court project politics pull.,,,,,US,Newport,175 N W Gilbert Way
,,,Newark Budget Inn,Pull suffer note.,,,,,US,Newark,176 W Church St
,,,Knights Inn Eau Claire,Movement environment movie bank.,,,,,US,Eau Claire,6260 Texaco Dr
,,,Laurel Manor Motel,Line theory heart reflect throw.,,,,,US,Jennerstown,1331 Pitt St
,,,Hampton Inn and Suites Annapolis,Effort store growth.,,,,,US,Annapolis,124 Womack Dr
,,,Riverside Motel and Cabins,Reality some behind personal owner.,,,,,US,Ennis,346 E Main St
,,,Mineola Motel,Against ability north news article myself.,,,,,US,Little River,1505 Highway 17
,,,Towneplace Suites Albany University Area,Protect soon answer sound.,,,,,US,Albany,1379 Washington Ave
,,,Monterey Beach Dunes Inn,Program leave picture city simply send light.,,,,,US,Marina,3280 Dunes Dr
,,,Rodeway Inn,Suggest list box join.,,,,,US,Brockton,1005 Belmont St
,,,Drury Inn & Suites San Antonio Northwest Medical Center,Main cultural bag TV serve movement add day.,,,,,US,San Antonio,9806 W Interstate 10
,,,Economy Inn,Strategy should rise. Will upon debate try he.,,,,,US,Harrisonburg,3467 N Valley Pike
,,,H��tel Sezz Paris,Must level break day.,,,,,US,Irving,6 Avenue Fremiet
,,,Hudson Hotel - Book Direct,Require style bit which.,,,,,US,New York,356 W 58th St
,,,Super 8 Kansas City Airport,Radio throughout end common finish hard.,,,,,US,Kansas City,11900 N W Plaza Cir
,,,Best Western Hotel De Neuville,Fear same campaign message chair.,,,,,US,Irving,3 Rue Verniquet
,,,Best Western,Speak finish again past idea.,,,,,US,Deming,1500 W Pine St
,,,Mccamly Plaza Hotel,Street operation in possible sing accept water.,,,,,US,Battle Creek,50 Capital Ave S W
,,,Wingate By Wyndham Pueblo,Apply risk around they stand.,,,,,US,Pueblo,4711 N Elizabeth
,,,Days Inn Lincolnton,Memory production tree only.,,,,,US,Lincolnton,614 Clark Dr
,,,Hotel Roc Flamingo,Treatment then poor always break.,,,,,US,Abbeville,Av De Isabel Manoja 9
,,,Lexington Inn,Throw record cut around expect else.,,,,,US,Hammond,46053 N Puma Dr
,,,"Nippersink Country Club, Inc.",Trade third special think build center.,,,,,US,Genoa City,N1055 Tombeau Rd
,,,Quality Inn,She minute performance particular democratic.,,,,,US,Carthage,2332 Se Loop
,,,Sterling Motel,Parent partner just baby. Memory though blue.,,,,,US,Austin,1507 W Oakland Ave
,,,Campus Inn & Suites Eugene Downtown,Half either song show go really.,,,,,US,Eugene,390 E Broadway
,,,Days Inn Branson Mo,Discussion firm door war sometimes citizen.,,,,,US,Branson,3524 Keeter St
,,,Best Western,Cover within as none arrive past.,,,,,US,Rohnert Park,6500 Redwood Dr
,,,Mt. Washington Bed and Breakfast,Wide gun mean concern analysis draw fear blue.,,,,,US,Gorham,421 State Route 2
,,,Super 8 Metropolis,Stay amount on trial create positive gun.,,,,,US,Metropolis,2055 E 5th St
,,,Melody Lodge Cabins,Especially administration near.,,,,,US,Silverthorne,1534 County Road 30
,,,Sand's Motel,Court fact team find trade and.,,,,,US,Portales,1130 W 1st St
,,,Travelodge Ruther Glen,Edge at win. Job energy course service beautiful.,,,,,US,Ruther Glen,23500 Welcome Way Dr
,,,Texan Inn,Team yard country rich.,,,,,US,Monahans,806 W Interstate 20
,,,Hotel Garibaldi,National boy purpose.,,,,,US,Silver Creek,Viale Garibaldi 24
,,,Quality Inn,Street inside collection system some late.,,,,,US,Cleveland,153 James Asbury Dr N W
,,,Lake Raystown Resort Lodge & Conference Center,Tv player might deep.,,,,,US,Entriken,100 Chipmunk Xing
,,,Central House,Upon share message six available.,,,,,US,Bar Harbor,60 Cottage St
,,,The Concorde Inn,Ground tough morning have.,,,,,US,Clinton Township,44315 Gratiot Ave
,,,Best Western,Read prevent amount police nor church.,,,,,US,Mount Airy,125 Plaza Ln
,,,Economy Motel,Strategy professor debate.,,,,,US,Fort Walton Beach,1 Miracle Strip Pkwy Se
,,,Hampton Inn Virginia Beach Oceanfront North,Pick officer recent task power general and.,,,,,US,Virginia Beach,3107 Atlantic Ave
,,,Irish House Hotel,Apply section interview health.,,,,,US,Mount Sterling,883 850 E Il 99 Saint Mount Sterling Il
,,,Clubhouse At River Country Est,Check charge people recent.,,,,,US,Piney Creek,67 Waterview Ln
,,,Sleep Inn At Harbour View,Two audience relationship among.,,,,,US,Little River,909 Us 17
,,,Hotel Lavonia,Religious air movie manage wish.,,,,,US,Lavonia,890 Ross Pl
,,,Courtyard By Marriott Rockaway Mount Arlington,Necessary executive main.,,,,,US,Mount Arlington,15 Howard Blvd
,,,Fiesta Inn and Suites,Shoulder race those spring career bag poor.,,,,,US,San Antonio,4934 N W Loop 410
,,,Hilton Garden Inn Oconomowoc,Add different very force news standard meeting.,,,,,US,Oconomowoc,1443 Pabst Farms Cir
,,,P K Motel,Life treat enough out. Some chance then let.,,,,,US,Effingham,171 Pine River Rd
,,,Motel 6,Keep you more series.,,,,,US,Moses Lake,2822 W Driggs Dr
,,,Econo Lodge,Take onto lose exactly. Laugh I official.,,,,,US,Troy,1210 Brukner Dr
,,,Candlewood Suites Indianapolis Northwest,Beat myself finish cause benefit.,,,,,US,Indianapolis,7455 Woodland Dr
,,,Holiday Inn Fond Du Lac,Cause age computer after will himself house.,,,,,US,Fond Du Lac,625 W Rolling Meadows Dr
,,,Arizona Inn of Prescott Valley,American heavy reach pick bed.,,,,,US,Prescott Valley,7875 E Hwy 69
,,,Koehne Dexter Terrie,Head require red daughter.,,,,,US,Rapid City,6448 Muirfield Dr
,,,Microtel Inn and Suites By Wyndham Burlington,Himself something education general play.,,,,,US,Burlington,2185 W Hanford Rd
,,,The Inn At Bella Vista,Race administration bar decide accept.,,,,,US,Bella Vista,101 Chelsea Rd
,,,Brasstown Valley Golf Club,Now close rise father individual.,,,,,US,Young Harris,6321 Us Highway 76
,,,Quality Inn Long Beach Airport,Reach sea drug majority before.,,,,,US,Signal Hill,3201 E Pacific Coast Hwy
,,,Calloway Inn,Set black camera return relationship.,,,,,US,Baton Rouge,10920 Mead Rd
,,,Grandison Bed Breakfast,Common area ball itself big size.,,,,,US,Oklahoma City,1200 N Shartel Ave
,,,Motel 6,Require company career box western.,,,,,US,Santa Barbara,3505 State St
,,,Days Inn Tallulah,Able manager shoulder old easy country.,,,,,US,Tallulah,143 Highway 65 S
,,,Twin Gables of Woodstock,Be although while.,,,,,US,Woodstock,73 Tinker St
,,,Comfort Suites,Way surface quality notice.,,,,,US,Springfield,121 Raydo Cir
,,,Happy Tails Hotel & Playland,Together enough just trouble prepare.,,,,,US,Saint Ann,2920 N Lindbergh Blvd
,,,Baymont Inn and Suites Boone,Somebody within report science improve.,,,,,US,Boone,1745 S E Marshall St
,,,Springhill Suites Marriott Colorado Springs South,Law find away. Approach on single bag attorney.,,,,,US,Colorado Springs,1570 N Newport Rd
,,,Brightwood Inn Country Inn,None sport college behavior treat.,,,,,US,Oglesby,2407 N Illinois Route 178
,,,Motel 6 Fort Bragg,Poor main and appear surface range treat.,,,,,US,Fort Bragg,400 S Main St
,,,Westernaire Motel,Piece ago phone. Worry young center young hot.,,,,,US,Mesa,5414 E Main St
,,,Super 8 Columbia East,Your stay through.,,,,,US,Columbia,5700 Freedom Dr
,,,Holiday Inn,Thing charge those radio majority by soon.,,,,,US,Philadelphia,10 Packer Ave
,,,Holiday Inn Express Hotel and Suites Va Beach Oceanfront,They sport interview trade matter deep.,,,,,US,Virginia Beach,2607 Atlantic Ave
,,,Hotel Valencia Santana Row,Movement number accept total between.,,,,,US,San Jose,355 Santana Row
,,,New York Marriott Marquis,Hair military rock conference energy first.,,,,,US,New York,1535 Broadway
,,,Holiday Inn Express & Suites Willows,Wish listen win against.,,,,,US,Willows,545 Humboldt Ave
,,,Hampton Inn Grand Junction Downtown/historic Main Street,Trip seem if.,,,,,US,Grand Junction,205 Main St
,,,La Quinta,Other money music history middle.,,,,,US,Prattville,261 Interstate Commercial Park Loop
,,,Holiday Inn Express Suites Floresville,Institution question animal rock top forward.,,,,,US,Floresville,929 10th St
,,,Villager Inn Motel,Simply point education look thus.,,,,,US,Selma,1765 Young St
,,,Lamothe House,Matter he newspaper. Next television every.,,,,,US,New Orleans,621 Esplanade Ave
,,,Dor-shada Resort By The Sea,Involve deep capital soon country.,,,,,US,Washington,256 Moo 4 Najomtien
,,,Hi-way Inn of Kiowa,Marriage for sell a. Strong mind they its.,,,,,US,Kiowa,901 S Us Highway 69
,,,Sleep Inn Slidell,Pm capital grow wait.,,,,,US,Slidell,142 Oak Ct
,,,Knights Inn New Castle/wilmington,Dinner hotel drug poor out peace.,,,,,US,New Castle,1200 West Ave
,,,"La Posada Lodge & Casitas, An Ascend Hotel Collection Member",Million some group could camera.,,,,,US,Tucson,5900 N Oracle Rd
,,,Comfort Inn Huntingdon,Determine type first much.,,,,,US,Huntingdon,100 S 4th St
,,,Mericana Motel,Fall someone fear. Consumer too sit laugh lose.,,,,,US,Fort Madison,4501 Avenue O 61
,,,Americas Best Value Inn,Word fight growth indicate human seven marriage.,,,,,US,Tulsa,1016 N Garnett Rd
,,,Hilton Americas-houston,Along product southern bad.,,,,,US,Houston,1600 Lamar
,,,Motel 6,Anything size visit order police report just.,,,,,US,Stockton,817 Navy Dr
,,,Casino Queen Rv Park,Might apply issue work. Control third two.,,,,,US,East Saint Louis,200 S
,,,Quality Inn and Suites Irvine Spectrum,Writer ground room shake network allow.,,,,,US,Lake Forest,23702 Rockfield Blvd
,,,Days Inn,Good southern for marriage task data.,,,,,US,Santa Maria,839 E Main St
,,,Marriott Springhill Marina,Art type individual natural number wrong.,,,,,US,Marina,215 10th St
,,,Hampton Inn Suites Columbus,Perhaps Congress material degree.,,,,,US,Columbus,1915 6th St N
,,,Milliken Creek Inn,Simple almost chair.,,,,,US,Napa,1815 Silverado Trl
,,,Intown Suites Nashville North,Best majority think style.,,,,,US,Hendersonville,1017 W Main St
,,,The Desmond House Bed & Breakfast,Once bed issue occur model return.,,,,,US,Redding,1449 Riverside Dr
,,,The Booker-lewis,Half discussion green.,,,,,US,Leesville,106 E North St
,,,Quality Inn & Suites,House within herself picture.,,,,,US,Jamestown,507 25th St S W
,,,Shamrock Hill Inn,Herself experience interest.,,,,,US,Long Eddy,3 County Road 134
,,,Econo Lodge Bellmawr,Again interest who able rock laugh.,,,,,US,Bellmawr,301 S Black Horse Pike
,,,Crossland Economy Studios - Lake Charles - Sulphur,Movement tax science show paper.,,,,,US,Sulphur,104 Mallard St
,,,Hotel Columbia,Indicate small enjoy throw task happy dinner at.,,,,,US,Telluride,301 W San Juan Ave
,,,La Quinta,Little design main compare writer story.,,,,,US,Twin Falls,539 Pole Line Rd
,,,Raton Pass Inn,Per wonder reason where down.,,,,,US,Raton,308 Canyon Dr
,,,Sumner Motor Inn,Several include computer game short.,,,,,US,Sumner,15506 E Main St
,,,Days Inn-amarillo-medical Ctr,Analysis even ok billion office house.,,,,,US,Amarillo,2102 S Coulter St
,,,Americas Best Value Inn,While skill machine.,,,,,US,North Platte,602 E 4th St
,,,Best Western Silicon Valley Inn,Read simply participant wall financial.,,,,,US,Sunnyvale,600 N Mathilda Ave
,,,Days Inn Lanham Washington Dc,Each design we consider parent else.,,,,,US,Lanham,9023 Annapolis Road/i 495
,,,Cliffs 7305 By Redawning,Rest apply child idea evening mother.,,,,,US,Princeville,3811 Edward Rd
,,,La Quinta Inn Auburn Worcester,Suggest military property quickly leader.,,,,,US,Auburn,446 Southbridge St
,,,Americas Best Value Inn,Significant population study.,,,,,US,Carson City,2731 S Carson St
,,,Dockers Inn,Nor themselves run yeah agent.,,,,,US,Branson,3060 Green Mountain Dr
,,,Spring Bay Inn,Senior Democrat spend include pass stage.,,,,,US,Olga,464 Spring Bay Ter
,,,Days Inn,Firm class plant general remain push or.,,,,,US,Grand Junction,708 Horizon Dr
,,,Candlewood Suites Eugene Springfield,Discuss fight rock tend no.,,,,,US,Eugene,3005 Franklin Blvd
,,,Anaheim Marriott Suites,Family stand become structure while.,,,,,US,Garden Grove,12015 Harbor Blvd
,,,Monarch Inn,Them smile side what.,,,,,US,Mariposa,5059 Highway 140
,,,Yakima Inn,Cell color degree morning prove change mother.,,,,,US,Yakima,1022 N 1st St
,,,Rainbow Motel,Community one cost pick north process number.,,,,,US,Pembroke,Rr 1
,,,Holiday Inn Express,Simple out hospital gas loss carry.,,,,,US,Springfield,3480 Hutton St
,,,Homeplace Inn and Suites,Here region perform own concern.,,,,,US,Jacksonville,1407 E Rusk St
,,,Innpoints Worldwide,Officer low argue either.,,,,,US,Albuquerque,800 20th St N W
,,,Wingate By Wyndham Chantilly / Dulles Airport,May these yeah human left main.,,,,,US,Chantilly,3940 Centerview Dr
,,,Days Inn and Suites Albany,Assume traditional something he teacher.,,,,,US,Albany,1606 Central Ave
,,,Holiday Inn Express San Clemente,Song those hospital hour offer.,,,,,US,San Clemente,35 Via Pico Plz
,,,The Westin Buckhead,Team page indeed question prepare rest action.,,,,,US,Atlanta,3391 Peachtree Rd N E
,,,Budget Inn,Sing nice success instead.,,,,,US,Oskaloosa,1210 A Ave E
,,,Hyatt Place Atlanta/alpharetta/north Point Mall,Low simple quite challenge kitchen town hear.,,,,,US,Alpharetta,7500 N Point Pkwy
,,,Eldorado Inn,Letter now miss. Reflect wear choose Congress.,,,,,US,Baker City,695 Campbell St
,,,Americas Best Value Inn - Medical Center/airport,Maintain benefit involve feel war step.,,,,,US,El Paso,450 Raynolds St
,,,Sunset Inn,Able join yard among.,,,,,US,Tatum,68 W Hwy Hwy 380
,,,Outside Inn,Pretty network special store mission.,,,,,US,Las Vegas,9941 W Charleston Blvd
,,,Point Randall Resort,State which upon instead animal about how.,,,,,US,Lake Ozark,1584 Susan Rd
,,,Courtyard By Marriott Downtown Boise,Style region learn.,,,,,US,Boise,222 S Broadway Ave
,,,The Abbey Resort,Lose network music. In admit whom method.,,,,,US,Fontana,269 Fontana Blvd
,,,Crossroads Hotel,Key bill whom medical physical.,,,,,US,Chicago,5300 S Pulaski Rd
,,,Helios Resort,Mrs total look only night hold.,,,,,US,Palm Springs,280 E Mel Ave
,,,Best Western Plus Circle Inn,Time eight skill growth responsibility.,,,,,US,Enterprise,715 Boll Weevil Cir
,,,Fairfield Inn and Suites By Marriott Idaho Falls,Into worker rich. Gas story skin free dog.,,,,,US,Idaho Falls,1293 W Broadway St
,,,Greenstay Hotel and Suites,War actually entire buy five whom.,,,,,US,Springfield,222 N Ingram Mill Rd
,,,Pine Shadows Motel,Speak compare science image car.,,,,,US,West Yellowstone,229 N Hayden St
,,,Beach Cove 411 Tower A Sierra's 1 Bedroom Condo By Prista Management,Stock onto visit lawyer.,,,,,US,North Myrtle Beach,4800 S Ocean Blvd
,,,Residence Inn By Marriott Fort Lauderdale Weston,New recognize star citizen around central camera.,,,,,US,Fort Lauderdale,2605 Weston Rd
,,,Petretti Apartments,Why another would PM person air.,,,,,US,Kenosha,1805 Birch Rd
,,,Motel 6,Gun party issue agent deal yourself.,,,,,US,Grayling,6843 W M 72 Hwy
,,,Extended Stay America - Bloomington - Normal,Raise back decade house entire could.,,,,,US,Bloomington,1805 Svetrans Pkwy
,,,40 Berkeley Hostel,Action ability shoulder pressure.,,,,,US,Boston,40 Berkeley St
,,,La Quinta Inn & Suites Chicago Tinley Park,Feel middle again bad.,,,,,US,Tinley Park,7255 183rd St
,,,Days Inn,Career explain voice move officer enough.,,,,,US,Baraboo,944 Us Highway 12
,,,Welcome Inn Apartments,Forward difference those power own.,,,,,US,Parkville,8729 Loch Bend Dr
,,,Candlewood Suites Lexington,Try computer plant bit national different.,,,,,US,Lexington,603 Adcolor Dr
,,,Quinta Real Acapulco,Bill firm rate democratic outside.,,,,,US,Whigham,Paseo De La Quinta No 6
,,,Forest Hill Inn,Situation thing want tend people.,,,,,US,Stevens,1345 Forest Hill Rd
,,,Clarion Suites Philadelphia,Wish dog shoulder writer before.,,,,,US,Philadelphia,1010 Race St
,,,Sportsmen's Lodge,Huge them city buy business.,,,,,US,Studio City,12825 Ventura Blvd
,,,Port-o-call Motel,Ten hope seat accept. Practice process beyond.,,,,,US,Rockaway Beach,1755 State Highway 176
,,,Drury Inn and Suites Columbus Convention Center,Majority pull cover push loss.,,,,,US,Columbus,88 E Nationwide Blvd
,,,Studio 6,Energy scene behavior growth community movement.,,,,,US,Dixfield,6 Harding Ln
,,,Avalon Hotel Group,Mr eight attention she improve.,,,,,US,Gonzales,916 S Burnside Ave 400
,,,Elba Sara Beach & Golf Resort,Green dark your during relate arrive hospital.,,,,,US,Anderson,Carretera De Jandia Km 11
,,,Good Nite Inn Rohnert Park,Team school last story understand.,,,,,US,Rohnert Park,5040 Redwood Dr
,,,The Merritt Center and Lodge,That its see hair education sister development.,,,,,US,Payson,121 Haught Rd
,,,Rustic Inn,Realize crime team large.,,,,,US,Ely,1555 Aultman St
,,,Quality Inn,Mr while feeling.,,,,,US,Montgomery,5175 Carmichael Rd
,,,Liberty Lodge,Congress and successful fine then hope dog.,,,,,US,Hayward,12521 N Nelson Rd
,,,Econo Lodge,Reduce build law than back their work.,,,,,US,Jackson,2007 Highway 71 N
,,,Comfort Inn,Cover star east decision. Rock concern wonder.,,,,,US,Lincoln,850/A Speedway Industrial Dr
,,,Comfort Suites Fort Pierce,Watch none investment tough civil.,,,,,US,Fort Pierce,6505 Metal Dr
,,,Twin Pines Motel,Two probably who likely big.,,,,,US,Indiana,420 East Pike
,,,Best Western Hartford Hotel & Suites,The right attorney often campaign.,,,,,US,Hartford,185 Brainard Rd
,,,Courtyard By Marriott,Pick world professor skin game threat.,,,,,US,Fitchburg,150 Royal Plaza Dr
,,,La Quinta Inn and Suites Meridian,Have rock cause season section room.,,,,,US,Meridian,1400 Roebuck Dr
,,,Residence Inn By Marriott Tucson Williams Centre,Law follow character story.,,,,,US,Tucson,5400 E Williams Cir
,,,Hampton Inn Rockford,Worry whole want.,,,,,US,Rockford,615 Clark Rd
,,,Red Roof Inn Cedar Rapids,Sign mention onto easy thought charge something.,,,,,US,Cedar Rapids,3243 S Ridge Dr S W
,,,Rodeway Inn,Event board several pick what social.,,,,,US,Gillette,2011 Rodgers Dr
,,,Lewis River Inn,Career however one others minute.,,,,,US,Woodland,1100 Lewis River Rd
,,,Motel 6,Life huge ball each.,,,,,US,Sierra Vista,1551 E Fry Blvd
,,,Tmc Resort Rentals,Vote from among budget early.,,,,,US,Montgomery,14001 Walden Rd
,,,Americas Best Value Inn,Resource citizen wrong at relationship moment.,,,,,US,Whitehall,3080 E Colby St
,,,Americas Best Value Inn,Season traditional cultural home girl work.,,,,,US,Watsonville,781 Freedom Blvd
,,,Homewood Suites By Hilton Albuquerque - Journal Center,Over without anything choose style to.,,,,,US,Albuquerque,5400 San Antonio Ave
,,,Best Western,Kind campaign forward.,,,,,US,Bowling Green,2727 Us Highway 17 N
,,,Desert Motel Restaurant,Computer least discover third.,,,,,US,Wellton,28709 Los Angeles Ave
,,,Hyatt Dulles,Just final change star participant majority.,,,,,US,Herndon,2300 Dulles Corner Blvd
,,,Holiday Inn Express,Black play around both. Think paper black hard.,,,,,US,Corydon,249 Federal Dr N W
,,,West Side Motel,Factor wrong catch hotel black ready lose.,,,,,US,Casper,5755 Cy Ave
,,,Holiday Inn Express,Cut material perhaps nor.,,,,,US,Bowlinggreen,2150 E Wooster St
,,,Casa Del Mar Inn Bandb,Health wide pretty.,,,,,US,Santa Barbara,18 Bath St
,,,Holiday Inn Express and Suites Gahanna/columbus Airport E,Behavior determine respond.,,,,,US,Columbus,460 Waterbury Ct
,,,Sunset Inn,Page see when art. At sing Mr very young theory.,,,,,US,Oroville,1835 Feather River Blvd
,,,Rodeway Inn Near Venice Beach,Remain not however agency picture suffer.,,,,,US,Los Angeles,11933 W Washington Blvd
,,,Citrus Hills Lodge Hernando,Region everyone fact money give job.,,,,,US,Hernando,350 E Norvell Bryant Hwy
,,,Econo Lodge Miles City,Require be anything instead bar.,,,,,US,Miles City,1209 S Haynes Ave
,,,Atlanta Marriott Northwest At Galleria,Method source some late goal television same.,,,,,US,Atlanta,200 N Interstate Pkwy Se
,,,Ibis Wuerzburg City,Course south bar be seem. Bill team past.,,,,,US,Gresham,Veitshoechheimer Str 5b
,,,Hotel Eug��ne En Ville,Cover present require place.,,,,,US,Celina,6 Rue Buffault
,,,Super 8 Chicago O'hare Airport,Budget home pay.,,,,,US,Elk Grove Village,2951 Touhy Ave
,,,Comfort Inn and Suites,Picture western science receive design.,,,,,US,Black River Falls,W 10170 Highway 54 E
,,,Pine Motel,Later nature ready to sport hospital lot.,,,,,US,Bordentown,5256 Us 130
,,,Nesco Manor Hotel,Positive region of have education evidence lay.,,,,,US,Drums,214 N Hunter Hwy
,,,Busy B Ranch,Single affect interview community plant decide.,,,,,US,Jefferson,1100 W Prospect Rd
,,,Best Western University Inn & Suites,Rock actually network car store outside down.,,,,,US,Forest Grove,3933 Pacific Ave
,,,Rodeway Inn Airport,Marriage single modern tree.,,,,,US,Boise,2799 W Airport Way
,,,Starwood Resorts Hotel,Good majority current hour.,,,,,US,Fall River,230 Sunset Hl
,,,City Express Irapuato,I today hospital contain along address.,,,,,US,Mobile,Blvd Villas De Irapuato 1362
,,,Days Inn,Shoulder sea alone identify heart realize.,,,,,US,Grand Rapids,311 E Highway 2
,,,Days Inn Statesville,Free cup cold help. Minute many work cause.,,,,,US,Statesville,703 Gaither Road/i 40 I 40
,,,The Lake Point Conference Center,Fine line peace second.,,,,,US,Russellville,61 Lake Point Dr
,,,Super 8 Gretna,Year at more consumer. Scientist arrive day bag.,,,,,US,Gretna,14355 S Highway 31 Exit 432
,,,Days Inn,Provide group writer both cost vote law.,,,,,US,Kingsport,805 Lynn Garden Doctor I 181
,,,Royal Dutch Inn,Admit by identify.,,,,,US,Dutch Harbor,Captains Bay Rd
,,,Sea View Motel,Never country edge power. Society set early.,,,,,US,Ogunquit,417 Main St
,,,Castle Kona Reef,Beat little identify never week.,,,,,US,Kailua Kona,75 5888 Alii Dr
,,,Brookside Motel,At issue of.,,,,,US,Hill City,11586 Gillette Prairie Rd
,,,Comfort Inn and Suites,Quite fund something available discover risk.,,,,,US,Riverton,2020 N Federal Blvd
,,,Acorn Motor Inn,List your lose short.,,,,,US,Oak Harbor,31530 State Route 20
,,,Torian Plum By Wyndham Vacation Rentals,Avoid art certain there.,,,,,US,Steamboat Springs,1855 Ski Time Square Dr
,,,The Savoy Hotel,Nearly own more government.,,,,,US,Miami Beach,425 Ocean Dr
,,,Holiday Inn Express & Suites Crossville,Role music physical baby catch land create.,,,,,US,Crossville,560 Peavine Rd
,,,Holiday Inn Express Hotel and Suites Hesperia,Voice place card me feel.,,,,,US,Hesperia,9750 Key Point Ave
,,,Best Western Saint-etienne Aeroport,Fall within letter task center civil.,,,,,US,Park City,2 Boulevard Pierre Desgranges
,,,Mission Sands Vacation Rentals,Once focus goal staff paper part.,,,,,US,San Diego,804 San Luis Obispo Pl
,,,River Oaks Golf Villas,Role reason owner if such.,,,,,US,Myrtle Beach,590 River Oaks Dr
,,,Motel 6,Government oil group around visit.,,,,,US,Gaylord,612 Court Ave
,,,Holiday Inn Victorville,Fear which individual even loss.,,,,,US,Victorville,15494 Palmdale Rd
,,,Quality Inn and Suites Big Rapids,Class explain billion hair friend clear.,,,,,US,Big Rapids,1705 S State St
,,,Residence Inn Burlington Colchester,Every little street treatment.,,,,,US,Colchester,71 Rathe Rd
,,,Wakonda Hotel & Bar,Season clear admit risk. Half value draw process.,,,,,US,Wakonda,101 Ohio St
,,,Americas Best Value Inn,Become adult Mrs mother part good guy live.,,,,,US,Florence,3024 Tv Rd
,,,Inturotel Esmeralda Park,Indicate easy nearly involve join they do.,,,,,US,Ridgefield Park,Calo Des Corral S/n
,,,America's Best Value Inn,While sing if exist hot experience Mrs happen.,,,,,US,Port Aransas,306 S Alister St
,,,Knights Inn Carmel Hill,Board crime letter building nice happen a.,,,,,US,Monterey,1374 Munras Ave
,,,Five Seasuns Bed & Breakfast Inn,Laugh brother argue region police child brother.,,,,,US,Port Angeles,1006 S Lincoln St
,,,Summit At Big Sky,Industry system friend blue between lay.,,,,,US,Big Sky,50 Big Sky Resort Rd
,,,Days Inn,Little draw state investment safe agree at like.,,,,,US,Sandersville,128 Commerce St
,,,Holiday Inn Express Hotel and Suites Cambridge,Class worry marriage last race job ready.,,,,,US,Cambridge,250 Msgr O'brien Hwy
,,,Breakers Hotel,Experience model issue investment eye firm smile.,,,,,US,Rehoboth Beach,105 2nd St
,,,Holiday Inn Express Hotel & Suites Emporia,Task someone window large.,,,,,US,Emporia,1350 W Atlantic St
,,,The Dec,Leave mother land mention.,,,,,US,Aberdeen,720 Lamont St S
,,,Lazy T Motel,Peace effect thus area similar star political.,,,,,US,Junction,2043 Main St
,,,Cherokee Lodge Bed and Breakfast,Practice man let hour.,,,,,US,Coronado,964 D Ave
,,,Beach Haven Vacation Rental House,Fly series leave dark enough.,,,,,US,Beach Haven,2108 S Bay Ave
,,,Sonoma Coast Villa Spa,Story human some carry these miss.,,,,,US,Bodega Bay,16702 S Highway 1
,,,Ambassador Inn Albuquerque,Very plant sport. Cell true fact note.,,,,,US,Albuquerque,1520 Candelaria Rd N E
,,,Quality Inn and Suites,Someone wall president the.,,,,,US,Laramie,1655 Centennial Dr
,,,Quality Inn Gulfport,Memory feeling near.,,,,,US,Gulfport,9435 Highway 49
,,,Super 8 Van Horn,Third attorney trouble raise president simply.,,,,,US,Van Horn,1807 E Frontage Rd
,,,Residence Inn By Marriott Deptford,Only special threat statement.,,,,,US,West Deptford,1154 Hurffville Rd
,,,Rock A Bye Inn,Mention book just bad us produce happen.,,,,,US,Tigerton,N4449 Us Highway 45
,,,Rodeway Inn,Expert feeling article off experience sign court.,,,,,US,Elko,736 Idaho St
,,,Holiday Inn Express Hotel and Suites Meadowlands Area,Write agency key cut outside try.,,,,,US,Carlstadt,100 Paterson Plank Rd
,,,Sky-lit Motel,Attorney tough raise rate.,,,,,US,Green Bay,2120 S Ashland Ave
,,,Simoni's Fremont Inn,Worry PM cover big message she region page.,,,,,US,Stockton,2303 W Fremont St
,,,Elk Springs Resort,Cold democratic still attorney key.,,,,,US,Gatlinburg,1088 Powdermill Rd
,,,Extended Stay America Grand Rapids - Kentwood,Such service then sure mean radio. Card send say.,,,,,US,Grand Rapids,3747 29th St S E
